"mod","weight"
"CSR",1.46022
"CSR",0.58908
"CSR",3.20147
"CSR",0.90024
"CSR",5.59919
"CSR",1.82625
"CSR",2.3408
"CSR",0.1336
"CSR",6.29272
"CSR",2.04019
"CSR",1.72544
"CSR",3.44897
"CSR",0.40912
"CSR",2.10705
"CSR",0.33675
"CSR",7.54311
"CSR",3.39965
"CSR",2.30876
"CSR",0.77567
"CSR",0.34665
"CSR",3.4443
"CSR",0.06514
"CSR",1.11446
"CSR",0.3178
"CSR",0.32132
"CSR",4.70367
"CSR",2.56745
"CSR",0.56984
"CSR",0.81337
"CSR",0.01502
"CSR",4.39982
"CSR",2.03418
"CSR",7.62571
"CSR",1.04317
"CSR",1.99032
"CSR",0.61005
"CSR",2.96723
"CSR",2.34661
"CSR",1.56116
"CSR",0.50096
"CSR",1.66148
"CSR",1.35932
"CSR",1.9782
"CSR",3.37445
"CSR",4.97727
"CSR",1.38913
"CSR",0.83128
"CSR",1.20184
"CSR",2.79734
"CSR",3.13075
"CSR",0.61707
"CSR",4.25827
"CSR",4.95897
"CSR",0.53028
"CSR",2.16426
"CSR",5.13848
"CSR",2.12432
"CSR",0.35824
"CSR",1.04185
"CSR",1.42754
"CSR",0.9116
"CSR",0.86724
"CSR",0.36341
"CSR",2.77047
"CSR",3.51915
"CSR",3.0651
"CSR",3.25056
"CSR",5.84366
"CSR",8.20544
"CSR",0.32129
"CSR",0.92122
"CSR",2.84731
"CSR",6.47081
"CSR",6.67529
"CSR",0.78507
"CSR",0.75243
"CSR",3.40872
"CSR",6.06416
"CSR",4.86361
"CSR",0.69496
"CSR",1.04572
"CSR",7.87485
"CSR",1.88226
"CSR",2.51521
"CSR",4.58778
"CSR",2.43613
"CSR",3.77759
"CSR",3.12497
"CSR",4.66367
"CSR",5.46493
"CSR",0.18417
"CSR",1.47461
"CSR",4.6329
"CSR",11.54222
"CSR",2.85406
"CSR",0.27354
"CSR",3.78278
"CSR",0.11879
"CSR",2.97569
"CSR",4.88874
"CSR",3.08052
"CSR",4.49301
"CSR",1.99557
"CSR",0.11731
"CSR",1.39349
"CSR",3.95502
"CSR",1.85131
"CSR",1.34158
"CSR",1.58772
"CSR",2.89907
"CSR",1.39793
"CSR",2.50206
"CSR",1.0079
"CSR",2.29696
"CSR",5.19457
"CSR",0.35575
"CSR",8.7215
"CSR",1.04932
"CSR",0.48114
"CSR",5.37154
"CSR",2.26972
"CSR",3.21673
"CSR",3.34851
"CSR",0.93491
"CSR",6.56404
"CSR",5.78999
"CSR",7.38488
"CSR",6.71189
"CSR",1.14871
"CSR",3.85737
"CSR",1.0289
"CSR",8.78852
"CSR",1.216
"CSR",11.91098
"CSR",4.41572
"CSR",6.47287
"CSR",1.47665
"CSR",3.75906
"CSR",0.81142
"CSR",0.56599
"CSR",1.02429
"CSR",1.44262
"CSR",1.86578
"CSR",1.98681
"CSR",8.64771
"CSR",4.32005
"CSR",2.12822
"CSR",1.4916
"CSR",1.20112
"CSR",2.49966
"CSR",1.11249
"CSR",0.51764
"CSR",0.66516
"CSR",0.08695
"CSR",1.15922
"CSR",0.26648
"CSR",3.65696
"CSR",4.2928
"CSR",2.84454
"CSR",2.9171
"CSR",5.56975
"CSR",8.15241
"CSR",1.78978
"CSR",2.14812
"CSR",8.80764
"CSR",0.16203
"CSR",0.01307
"CSR",3.83161
"CSR",4.33121
"CSR",3.31714
"CSR",7.21483
"CSR",3.25728
"CSR",0.15974
"CSR",4.15242
"CSR",2.78624
"CSR",0.27084
"CSR",1.77364
"CSR",0.96156
"CSR",1.07115
"CSR",0.32533
"CSR",5.57834
"CSR",0.79278
"CSR",1.13082
"CSR",3.096
"CSR",3.37157
"CSR",3.53397
"CSR",6.4304
"CSR",2.50991
"CSR",0.46922
"CSR",1.07209
"CSR",1.13229
"CSR",0.78908
"CSR",0.04992
"CSR",0.72479
"CSR",5.32673
"CSR",0.8816
"CSR",0.88761
"CSR",1.65397
"CSR",3.13539
"CSR",0.79358
"CSR",1.45982
"CSR",0.11859
"CSR",1.53064
"CSR",1.73735
"CSR",1.23536
"CSR",4.33614
"CSR",2.11353
"CSR",7.58562
"CSR",0.96504
"CSR",1.81104
"CSR",1.53639
"CSR",0.31798
"CSR",2.43402
"CSR",3.31144
"CSR",2.31741
"CSR",2.16286
"CSR",0.49117
"CSR",0.73865
"CSR",0.0189
"CSR",3.36851
"CSR",0.06014
"CSR",4.52763
"CSR",0.01549
"CSR",5.41149
"CSR",2.16769
"CSR",5.10709
"CSR",1.41931
"CSR",2.79841
"CSR",4.43055
"CSR",0.35702
"CSR",11.10049
"CSR",0.82968
"CSR",3.17304
"CSR",0.22287
"CSR",1.34636
"CSR",1.06431
"CSR",1.78753
"CSR",1.80732
"CSR",3.79327
"CSR",1.0245
"CSR",1.22375
"CSR",5.14231
"CSR",0.60603
"CSR",1.12129
"CSR",8.63607
"CSR",0.6581
"CSR",2.51053
"CSR",3.76418
"CSR",0.73321
"CSR",1.59808
"CSR",2.13275
"CSR",1.02465
"CSR",7.03225
"CSR",4.68284
"CSR",3.83744
"CSR",5.00893
"CSR",2.21824
"CSR",3.45523
"CSR",0.37877
"CSR",6.56907
"CSR",2.40449
"CSR",6.4729
"CSR",1.54578
"CSR",1.74237
"CSR",1.02492
"CSR",0.61472
"CSR",0.92421
"CSR",8.62094
"CSR",2.22119
"CSR",0.36978
"CSR",1.95291
"CSR",1.82227
"CSR",3.00812
"CSR",0.66747
"CSR",10.15725
"CSR",0.41751
"CSR",3.50889
"CSR",3.11599
"CSR",0.93424
"CSR",0.18061
"CSR",2.54403
"CSR",3.17249
"CSR",0.58615
"CSR",2.85398
"CSR",1.43551
"CSR",1.64226
"CSR",5.86641
"CSR",0.64448
"CSR",0.90383
"CSR",1.40961
"CSR",0.1521
"CSR",1.95612
"CSR",2.37276
"CSR",3.72872
"CSR",1.80318
"CSR",6.76478
"CSR",1.87649
"CSR",0.38608
"CSR",3.85208
"CSR",1.13405
"CSR",1.33301
"CSR",1.15924
"CSR",3.91011
"CSR",1.67716
"CSR",5.81967
"CSR",0.04581
"CSR",4.59819
"CSR",2.9723
"CSR",1.44754
"CSR",3.19876
"CSR",0.24019
"CSR",0.67965
"CSR",4.57128
"CSR",0.54153
"CSR",2.11175
"CSR",5.39136
"CSR",0.93408
"CSR",0.62067
"CSR",7.65525
"CSR",1.47636
"CSR",2.79617
"CSR",0.10156
"CSR",1.13702
"CSR",1.42133
"CSR",0.48188
"CSR",4.56467
"CSR",1.36716
"CSR",3.92156
"CSR",3.06944
"CSR",3.23528
"CSR",4.78309
"CSR",1.9445
"CSR",0.41795
"CSR",3.3458
"CSR",4.66168
"CSR",1.49312
"CSR",0.59251
"CSR",0.64545
"CSR",2.77748
"CSR",0.75574
"CSR",2.86026
"CSR",0.17586
"CSR",0.55522
"CSR",0.40505
"CSR",4.5047
"CSR",3.40682
"CSR",0.36819
"CSR",2.5072
"CSR",5.34694
"CSR",0.01724
"CSR",8.87726
"CSR",5.29343
"CSR",2.57085
"CSR",0.68902
"CSR",1.85731
"CSR",1.32868
"CSR",3.19181
"CSR",1.30184
"CSR",2.27075
"CSR",4.21599
"CSR",2.84752
"CSR",1.8496
"CSR",2.09
"CSR",4.89917
"CSR",0.21405
"CSR",0.11087
"CSR",3.37603
"CSR",1.12362
"CSR",2.97087
"CSR",6.19042
"CSR",2.13469
"CSR",2.3069
"CSR",2.07942
"CSR",1.84915
"CSR",0.08428
"CSR",3.2944
"CSR",1.46869
"CSR",3.79691
"CSR",1.93995
"CSR",5.89982
"CSR",5.47889
"CSR",2.33296
"CSR",6.26681
"CSR",0.86002
"CSR",4.026
"CSR",1.56704
"CSR",3.94311
"CSR",2.48677
"CSR",0.3927
"CSR",0.46357
"CSR",2.45162
"CSR",3.81941
"CSR",1.20403
"CSR",1.8462
"CSR",9.77326
"CSR",3.2707
"CSR",1.7053
"CSR",1.12949
"CSR",4.48256
"CSR",0.24072
"CSR",0.18555
"CSR",0.33138
"CSR",0.55994
"CSR",0.62123
"CSR",5.50146
"CSR",2.89763
"CSR",2.36697
"CSR",5.15839
"CSR",2.69884
"CSR",1.94183
"CSR",0.20364
"CSR",1.69274
"CSR",3.17844
"CSR",2.02927
"CSR",4.33444
"CSR",0.45909
"CSR",2.56634
"CSR",2.08906
"CSR",2.2677
"CSR",4.0605
"CSR",7.00239
"CSR",1.23797
"CSR",1.3844
"CSR",1.90487
"CSR",5.49071
"CSR",3.69585
"CSR",2.82068
"CSR",0.41485
"CSR",5.03243
"CSR",0.518
"CSR",1.77586
"CSR",3.97297
"CSR",3.02445
"CSR",0.98434
"CSR",5.4222
"CSR",5.7556
"CSR",1.19014
"CSR",2.91437
"CSR",8.62836
"CSR",3.35993
"CSR",6.94703
"CSR",1.2888
"CSR",0.86548
"CSR",0.77253
"CSR",1.41884
"CSR",0.68639
"CSR",0.51973
"CSR",5.02749
"CSR",3.58487
"CSR",1.88786
"CSR",1.77946
"CSR",0.27351
"CSR",2.61726
"CSR",4.5182
"CSR",0.36466
"CSR",0.99407
"CSR",3.62073
"CSR",0.86077
"CSR",0.775
"CSR",0.03806
"CSR",6.38561
"CSR",3.89335
"CSR",0.6004
"CSR",1.35807
"CSR",3.64843
"CSR",1.74047
"CSR",3.00447
"CSR",1.58061
"CSR",2.30168
"CSR",2.75729
"CSR",3.37399
"CSR",2.6731
"CSR",3.17492
"CSR",2.3783
"CSR",0.70456
"CSR",6.99544
"CSR",1.15158
"CSR",0.44942
"CSR",0.46296
"CSR",3.50009
"CSR",1.96314
"CSR",3.96536
"CSR",1.14102
"CSR",3.11575
"CSR",2.80436
"CSR",3.3279
"CSR",0.5411
"CSR",0.53124
"CSR",1.29532
"CSR",1.74241
"CSR",2.54097
"CSR",1.96429
"CSR",3.3589
"CSR",0.24259
"CSR",2.48859
"CSR",0.20323
"CSR",0.01988
"CSR",2.64131
"CSR",5.71417
"CSR",2.3066
"CSR",0.70656
"CSR",1.88252
"CSR",0.30802
"CSR",0.34666
"CSR",6.81841
"CSR",0.66679
"CSR",0.02947
"CSR",3.18422
"CSR",3.42796
"CSR",5.62684
"CSR",1.8295
"CSR",0.15154
"CSR",4.24417
"CSR",5.89541
"CSR",3.38447
"CSR",2.53249
"CSR",6.42729
"CSR",0.24975
"CSR",5.19718
"CSR",2.84084
"CSR",3.23463
"CSR",0.25473
"CSR",2.42708
"CSR",1.3086
"CSR",2.52715
"CSR",6.2831
"CSR",4.39115
"CSR",2.69133
"CSR",1.97037
"CSR",0.43904
"CSR",1.22903
"CSR",0.72698
"CSR",0.42585
"CSR",1.94088
"CSR",0.72357
"CSR",0.26824
"CSR",0.54608
"CSR",0.45366
"CSR",4.79149
"CSR",0.22629
"CSR",6.89676
"CSR",1.57704
"CSR",0.91145
"CSR",0.22374
"CSR",0.43275
"CSR",0.92519
"CSR",1.78512
"CSR",0.06061
"CSR",0.94046
"CSR",10.87882
"CSR",2.97706
"CSR",0.58299
"CSR",1.04542
"CSR",2.66882
"CSR",1.68793
"CSR",1.61201
"CSR",1.98749
"CSR",6.6118
"CSR",1.63885
"CSR",0.70811
"CSR",5.38309
"CSR",1.95895
"CSR",5.41545
"CSR",0.96606
"CSR",1.20582
"CSR",4.13218
"CSR",3.32787
"CSR",3.68413
"CSR",0.18514
"CSR",0.70775
"CSR",2.68039
"CSR",2.2068
"CSR",5.46746
"CSR",1.14435
"CSR",1.44106
"CSR",3.80989
"CSR",2.08777
"CSR",1.40472
"CSR",1.36559
"CSR",3.78253
"CSR",2.66511
"CSR",0.12703
"CSR",0.92946
"CSR",4.69294
"CSR",4.88482
"CSR",0.33138
"CSR",0.47726
"CSR",4.53935
"CSR",1.28872
"CSR",1.40973
"CSR",5.41934
"CSR",0.32977
"CSR",0.42194
"CSR",4.13026
"CSR",3.51597
"CSR",5.83088
"CSR",6.00663
"CSR",0.34047
"CSR",5.3876
"CSR",3.84205
"CSR",3.77043
"CSR",0.83643
"CSR",11.35008
"CSR",6.06694
"CSR",1.00532
"CSR",8.91785
"CSR",3.82743
"CSR",1.12638
"CSR",2.09422
"CSR",2.71744
"CSR",1.79724
"CSR",3.74464
"CSR",0.2317
"CSR",0.98247
"CSR",4.46864
"CSR",4.54296
"CSR",1.48967
"CSR",3.54295
"CSR",0.59978
"CSR",1.04407
"CSR",3.54541
"CSR",1.73285
"CSR",2.33858
"CSR",6.96703
"CSR",3.06289
"CSR",4.21132
"CSR",10.70484
"CSR",1.83819
"CSR",0.35294
"CSR",3.53194
"CSR",0.06982
"CSR",1.06835
"CSR",1.98632
"CSR",0.92544
"CSR",2.4088
"CSR",4.3696
"CSR",0.21766
"CSR",5.94145
"CSR",0.83418
"CSR",1.31527
"CSR",1.95743
"CSR",2.98415
"CSR",1.30677
"CSR",0.70397
"CSR",1.20298
"CSR",1.277
"CSR",2.16916
"CSR",7.39201
"CSR",0.28151
"CSR",3.30371
"CSR",0.54257
"CSR",4.01297
"CSR",0.27014
"CSR",0.86327
"CSR",5.49421
"CSR",0.06433
"CSR",1.79878
"CSR",0.34902
"CSR",3.52136
"CSR",4.18106
"CSR",3.21438
"CSR",0.59853
"CSR",2.63181
"CSR",2.65938
"CSR",0.84302
"CSR",0.68609
"CSR",5.69984
"CSR",1.06966
"CSR",0.42176
"CSR",0.16485
"CSR",1.0609
"CSR",4.01533
"CSR",0.52763
"CSR",0.60656
"CSR",6.26042
"CSR",0.61022
"CSR",0.6495
"CSR",7.06341
"CSR",0.16882
"CSR",2.22379
"CSR",2.4683
"CSR",9.94393
"CSR",0.6061
"CSR",4.50554
"CSR",0.80341
"CSR",0.47634
"CSR",5.25907
"CSR",0.031
"CSR",0.52711
"CSR",0.9562
"CSR",0.25455
"CSR",4.94886
"CSR",0.62358
"CSR",4.43167
"CSR",1.14679
"CSR",1.9174
"CSR",2.21577
"CSR",0.0279
"CSR",1.31495
"CSR",0.74761
"CSR",0.27562
"CSR",1.9072
"CSR",2
"CSR",2.71188
"CSR",1.25179
"CSR",3.60012
"CSR",1.07161
"CSR",0.63462
"CSR",1.81913
"CSR",0.542
"CSR",1.24185
"CSR",0.06021
"CSR",1.43853
"CSR",1.26866
"CSR",2.30257
"CSR",2.02027
"CSR",0.7706
"CSR",0.11159
"CSR",3.06185
"CSR",3.66553
"CSR",0.85332
"CSR",0.03606
"CSR",0.23374
"CSR",9.44141
"CSR",0.53316
"CSR",1.70599
"CSR",0.80115
"CSR",2.67363
"CSR",0.71178
"CSR",4.07278
"CSR",0.49794
"CSR",0.58983
"CSR",1.83724
"CSR",0.39789
"CSR",5.37105
"CSR",0.80645
"CSR",1.35249
"CSR",4.25001
"CSR",2.54549
"CSR",1.21357
"CSR",3.12502
"CSR",1.39374
"CSR",4.71824
"CSR",2.10247
"CSR",3.71341
"CSR",2.75692
"CSR",6.48094
"CSR",6.24946
"CSR",2.70008
"CSR",1.48873
"CSR",0.32562
"CSR",0.11575
"CSR",0.37012
"CSR",1.85123
"CSR",2.05086
"CSR",3.34547
"CSR",1.23219
"CSR",0.98846
"CSR",2.64742
"CSR",3.67459
"CSR",2.58343
"CSR",8.81837
"CSR",0.59361
"CSR",5.06735
"CSR",0.89244
"CSR",1.54109
"CSR",3.67644
"CSR",0.89744
"CSR",0.57921
"CSR",8.37978
"CSR",8.70316
"CSR",1.25023
"CSR",0.70553
"CSR",5.52496
"CSR",5.66305
"CSR",0.8206
"CSR",1.08888
"CSR",0.82084
"CSR",0.77013
"CSR",2.04453
"CSR",8.40182
"CSR",0.49445
"CSR",3.11961
"CSR",4.40995
"CSR",0.20553
"CSR",0.08131
"CSR",5.31155
"CSR",1.93633
"CSR",0.41952
"CSR",5.76891
"CSR",0.32789
"CSR",0.99204
"CSR",6.75687
"CSR",4.62032
"CSR",9.74364
"CSR",3.07334
"CSR",0.82534
"CSR",0.53085
"CSR",1.61184
"CSR",1.25587
"CSR",10.55671
"CSR",1.60992
"CSR",2.82263
"CSR",3.99697
"CSR",0.99894
"CSR",2.27147
"CSR",2.19059
"CSR",2.49676
"CSR",6.54398
"CSR",3.42061
"CSR",3.54267
"CSR",0.11628
"CSR",0.42178
"CSR",0.65715
"CSR",0.66921
"CSR",1.06415
"CSR",5.26473
"CSR",2.10262
"CSR",7.49552
"CSR",3.33827
"CSR",0.00915
"CSR",2.6573
"CSR",0.01725
"CSR",8.93851
"CSR",0.62771
"CSR",1.71274
"CSR",6.33741
"CSR",7.2138
"CSR",1.45346
"CSR",9.60254
"CSR",2.06031
"CSR",3.96522
"CSR",4.47081
"CSR",6.21018
"CSR",0.00368
"CSR",1.79957
"CSR",0.38531
"CSR",1.05223
"CSR",0.74285
"CSR",9.41048
"CSR",4.09196
"CSR",2.56612
"CSR",2.00946
"CSR",2.78489
"CSR",4.52377
"CSR",0.39377
"CSR",7.79076
"CSR",1.86229
"CSR",6.20966
"CSR",1.90348
"CSR",1.71569
"CSR",0.03305
"CSR",4.4167
"CSR",1.76857
"CSR",0.82016
"CSR",0.66193
"CSR",5.56809
"CSR",0.45419
"CSR",3.32345
"CSR",2.44831
"CSR",1.10757
"CSR",1.69308
"CSR",2.74491
"CSR",0.93368
"CSR",0.62739
"CSR",1.11919
"CSR",4.6859
"CSR",6.36756
"CSR",0.89438
"CSR",2.56474
"CSR",0.60839
"CSR",9.57734
"CSR",0.73055
"CSR",4.84041
"CSR",0.43152
"CSR",3.91304
"CSR",3.62769
"CSR",0.26034
"CSR",0.79031
"CSR",2.16808
"CSR",0.69701
"CSR",4.4333
"CSR",3.37241
"CSR",0.45225
"CSR",0.14509
"CSR",1.24224
"CSR",8.93141
"CSR",0.34924
"CSR",0.96984
"CSR",6.66301
"CSR",2.58058
"CSR",1.04273
"CSR",3.83506
"CSR",0.39597
"CSR",1.51789
"CSR",4.24603
"CSR",0.31388
"CSR",1.16736
"CSR",0.00761
"CSR",5.59923
"CSR",1.17154
"CSR",0.30953
"CSR",0.37259
"CSR",1.10144
"CSR",0.86093
"CSR",2.06713
"CSR",7.29423
"CSR",5.29366
"CSR",2.79085
"CSR",4.48925
"CSR",2.33293
"CSR",2.02083
"CSR",3.42484
"CSR",5.39074
"CSR",1.83133
"CSR",1.45728
"CSR",3.55053
"CSR",1.24776
"CSR",0.69381
"CSR",0.22676
"CSR",0.62295
"CSR",0.04366
"CSR",1.30417
"CSR",6.11079
"CSR",0.71854
"CSR",3.45135
"CSR",0.27698
"CSR",3.06897
"CSR",1.07492
"CSR",4.34155
"CSR",0.51998
"CSR",2.47487
"CSR",0.32769
"CSR",2.4022
"CSR",2.30768
"CSR",1.51994
"CSR",2.73758
"CSR",0.35582
"CSR",3.8977
"CSR",0.34237
"CSR",1.80938
"CSR",5.83892
"CSR",0.23678
"CSR",2.00423
"CSR",0.56923
"CSR",0.25364
"CSR",2.67694
"CSR",1.17804
"CSR",2.75343
"CSR",2.04757
"CSR",0.22028
"CSR",0.74875
"CSR",10.22323
"CSR",6.67597
"CSR",0.55892
"CSR",2.49713
"CSR",2.77103
"CSR",0.01225
"CSR",5.34131
"CSR",2.48644
"CSR",0.00438
"CSR",0.05949
"CSR",6.11359
"CSR",2.15431
"CSR",1.94479
"CSR",0.91184
"CSR",2.36366
"CSR",2.66822
"CSR",3.33354
"CSR",2.50706
"CSR",2.63831
"CSR",0.54103
"CSR",2.44498
"CSR",0.56777
"CSR",0.20228
"CSR",0.39097
"CSR",1.7191
"CSR",3.44942
"CSR",1.56059
"CSR",6.35698
"CSR",0.20566
"CSR",1.34758
"CSR",7.75552
"CSR",0.19539
"CSR",0.00997
"CSR",0.66972
"CSR",1.08639
"CSR",4.09587
"CSR",1.60474
"CSR",0.85022
"CSR",0.94277
"CSR",4.17964
"CSR",1.46741
"CSR",4.15057
"CSR",0.97392
"CSR",0.8807
"CSR",0.09026
"CSR",0.27924
"CSR",9.7265
"CSR",0.24418
"CSR",1.22372
"CSR",3.29096
"CSR",0.38242
"CSR",0.38871
"CSR",2.85283
"CSR",2.3152
"CSR",2.33403
"CSR",0.32977
"CSR",3.79593
"CSR",2.07712
"CSR",0.57749
"CSR",2.70151
"CSR",0.56008
"CSR",0.96248
"CSR",3.67995
"CSR",0.27704
"CSR",0.44236
"CSR",8.23952
"CSR",4.72882
"CSR",1.93155
"CSR",4.72467
"CSR",0.79789
"CSR",4.05764
"CSR",3.60548
"CSR",0.57486
"CSR",1.36628
"CSR",1.7941
"CSR",0.26088
"CSR",2.18291
"CSR",3.78705
"CSR",4.128
"CSR",1.6286
"CSR",3.20575
"CSR",4.01624
"CSR",1.33405
"CSR",0.26526
"CSR",0.81938
"CSR",1.94229
"CSR",0.00374
"CSR",1.5076
"CSR",3.32695
"CSR",1.21668
"CSR",1.633
"CSR",3.32872
"CSR",1.29145
"CSR",0.38002
"CSR",1.02815
"CSR",0.8992
"CSR",1.98546
"CSR",5.95227
"CSR",5.90995
"CSR",0.00914
"CSR",0.02064
"CSR",0.43285
"CSR",0.49916
"CSR",0.13396
"CSR",1.36631
"CSR",0.2338
"CSR",5.69555
"CSR",3.38959
"CSR",4.57443
"CSR",2.28883
"CSR",0.93484
"CSR",6.52789
"CSR",3.28032
"CSR",1.31763
"CSR",1.4571
"CSR",8.97219
"CSR",0.12217
"CSR",2.75796
"CSR",5.86432
"CSR",1.45908
"CSR",2.25711
"CSR",0.08456
"CSR",4.9953
"CSR",0.85859
"CSR",0.95277
"CSR",0.86674
"CSR",0.0785
"CSR",0.24787
"CSR",1.12978
"CSR",3.29154
"CSR",5.87035
"CSR",3.10573
"CSR",3.45008
"CSR",3.25759
"CSR",3.2167
"CSR",1.04356
"CSR",0.26909
"CSR",1.5928
"CSR",0.26607
"CSR",3.62266
"CSR",1.32875
"CSR",4.39435
"CSR",1.20719
"CSR",1.96037
"CSR",7.70669
"CSR",1.81375
"CSR",1.68002
"CSR",1.87309
"CSR",5.54821
"CSR",0.54467
"CSR",5.69957
"CSR",0.01667
"CSR",1.48031
"CSR",4.81533
"CSR",1.39017
"CSR",2.81547
"CSR",0.6358
"CSR",0.99085
"CSR",2.05626
"CSR",7.08543
"CSR",1.9699
"CSR",0.63604
"CSR",3.0405
"CSR",1.12877
"CSR",0.4503
"CSR",4.59871
"CSR",0.60722
"CSR",0.32858
"CSR",3.31088
"CSR",2.36949
"CSR",5.59734
"CSR",3.18451
"CSR",2.24821
"CSR",1.64147
"CSR",0.04718
"CSR",0.29207
"CSR",1.62857
"CSR",2.48882
"CSR",5.42191
"CSR",1.56592
"CSR",3.19773
"CSR",9.1392
"CSR",7.88465
"CSR",1.50404
"CSR",1.86327
"CSR",0.12635
"CSR",2.83463
"CSR",2.01526
"CSR",2.14113
"CSR",0.90756
"CSR",2.40032
"CSR",1.4337
"CSR",0.11586
"CSR",1.58205
"CSR",5.55604
"CSR",1.0303
"CSR",1.89429
"CSR",0.60838
"CSR",0.62424
"CSR",9.27413
"CSR",0.7409
"CSR",7.29994
"CSR",3.07647
"CSR",0.24414
"CSR",0.10792
"CSR",1.88014
"CSR",3.80124
"CSR",3.18327
"CSR",0.6317
"CSR",1.67751
"CSR",0.11244
"CSR",0.39053
"CSR",1.49081
"CSR",0.62997
"CSR",0.41027
"CSR",1.96413
"CSR",3.22432
"CSR",2.06157
"CSR",1.33525
"CSR",1.87135
"CSR",3.2703
"CSR",1.27365
"CSR",5.53445
"CSR",0.05598
"CSR",0.41977
"CSR",2.03728
"CSR",0.20848
"CSR",1.87641
"CSR",2.7724
"CSR",1.212
"CSR",0.79338
"CSR",3.858
"CSR",4.40601
"CSR",0.44937
"CSR",4.82788
"CSR",7.18657
"CSR",1.47092
"CSR",1.46333
"CSR",0.77512
"CSR",2.11747
"CSR",3.72852
"CSR",0.17875
"CSR",0.76006
"CSR",0.07799
"CSR",1.49917
"CSR",2.48308
"CSR",2.45007
"CSR",2.25062
"CSR",6.20771
"CSR",1.63795
"CSR",1.85704
"CSR",9.1401
"CSR",3.35435
"CSR",3.93871
"CSR",3.62324
"CSR",2.65107
"Mat",0.84602
"Mat",2.15799
"Mat",1.66004
"Mat",0.90565
"Mat",3.35137
"Mat",4.49133
"Mat",0.50624
"Mat",4.05239
"Mat",8.1821
"Mat",0.95824
"Mat",0.33344
"Mat",4.13791
"Mat",10.70739
"Mat",3.15572
"Mat",0.4353
"Mat",0.79153
"Mat",4.02074
"Mat",1.43318
"Mat",1.47273
"Mat",2.09062
"Mat",3.24111
"Mat",10.59912
"Mat",4.27468
"Mat",1.64378
"Mat",5.9295
"Mat",3.53786
"Mat",4.45552
"Mat",0.01424
"Mat",8.76924
"Mat",4.27066
"Mat",1.40444
"Mat",3.63419
"Mat",0.03021
"Mat",2.39443
"Mat",3.47974
"Mat",4.93737
"Mat",2.6753
"Mat",0.9754
"Mat",3.22802
"Mat",3.73849
"Mat",0.98818
"Mat",4.15949
"Mat",1.89122
"Mat",3.1548
"Mat",3.31303
"Mat",1.61398
"Mat",0.53049
"Mat",1.38103
"Mat",9.31395
"Mat",0.71851
"Mat",1.02868
"Mat",6.41345
"Mat",1.79485
"Mat",1.47252
"Mat",2.79899
"Mat",2.58751
"Mat",5.25828
"Mat",2.32601
"Mat",0.84545
"Mat",2.68369
"Mat",5.92294
"Mat",0.48073
"Mat",3.25761
"Mat",2.40314
"Mat",5.25728
"Mat",4.68073
"Mat",0.85883
"Mat",0.70363
"Mat",2.78064
"Mat",3.34981
"Mat",2.39293
"Mat",0.84858
"Mat",3.90205
"Mat",7.48518
"Mat",3.94363
"Mat",3.31312
"Mat",2.76818
"Mat",1.04419
"Mat",6.36183
"Mat",1.12337
"Mat",5.76917
"Mat",1.24962
"Mat",1.46159
"Mat",0.95417
"Mat",1.30389
"Mat",6.86222
"Mat",2.43727
"Mat",0.0599
"Mat",0.64818
"Mat",0.51515
"Mat",1.10922
"Mat",7.39109
"Mat",4.99585
"Mat",1.46035
"Mat",1.25189
"Mat",0.33872
"Mat",0.80107
"Mat",3.90608
"Mat",4.01313
"Mat",2.34684
"Mat",0.3311
"Mat",2.48606
"Mat",2.13636
"Mat",4.36442
"Mat",2.73324
"Mat",4.15449
"Mat",1.27029
"Mat",2.0298
"Mat",1.16738
"Mat",0.7885
"Mat",4.08643
"Mat",0.22788
"Mat",1.43878
"Mat",7.32219
"Mat",4.81159
"Mat",4.4694
"Mat",5.68199
"Mat",3.82048
"Mat",0.48676
"Mat",2.72484
"Mat",2.92547
"Mat",3.57565
"Mat",1.04691
"Mat",0.4006
"Mat",5.00214
"Mat",0.78149
"Mat",1.85685
"Mat",0.50676
"Mat",2.84299
"Mat",1.46399
"Mat",2.15317
"Mat",0.34389
"Mat",2.40709
"Mat",1.46361
"Mat",4.70019
"Mat",1.39686
"Mat",7.12169
"Mat",4.48661
"Mat",5.24582
"Mat",2.05476
"Mat",1.30267
"Mat",1.52623
"Mat",4.3981
"Mat",0.72424
"Mat",8.52204
"Mat",0.9984
"Mat",8.63336
"Mat",4.41132
"Mat",6.00916
"Mat",2.01545
"Mat",1.27016
"Mat",1.04126
"Mat",5.03974
"Mat",3.21716
"Mat",2.00539
"Mat",0.79054
"Mat",3.34647
"Mat",0.6872
"Mat",1.46918
"Mat",0.21904
"Mat",1.75234
"Mat",3.75689
"Mat",7.6997
"Mat",3.55086
"Mat",4.9144
"Mat",4.87383
"Mat",5.41793
"Mat",6.2961
"Mat",6.18848
"Mat",7.25141
"Mat",3.84337
"Mat",3.37789
"Mat",10.1708
"Mat",4.19361
"Mat",1.97578
"Mat",4.53804
"Mat",9.56819
"Mat",4.29714
"Mat",0.23392
"Mat",0.73075
"Mat",7.91048
"Mat",5.73921
"Mat",3.17868
"Mat",2.22587
"Mat",0.1904
"Mat",2.95188
"Mat",1.68077
"Mat",1.95426
"Mat",2.85656
"Mat",2.17878
"Mat",6.43372
"Mat",1.44693
"Mat",4.14966
"Mat",1.88508
"Mat",0.22316
"Mat",0.2049
"Mat",1.76334
"Mat",1.05403
"Mat",1.22965
"Mat",0.08741
"Mat",5.34045
"Mat",0.338
"Mat",3.64927
"Mat",0.46219
"Mat",2.25933
"Mat",2.87485
"Mat",0.37227
"Mat",3.54666
"Mat",1.72728
"Mat",3.26149
"Mat",0.73505
"Mat",0.3381
"Mat",2.92753
"Mat",0.1599
"Mat",4.73908
"Mat",5.17367
"Mat",0.12824
"Mat",1.21271
"Mat",1.21786
"Mat",2.41789
"Mat",8.06023
"Mat",1.2476
"Mat",0.94541
"Mat",3.4952
"Mat",0.78611
"Mat",1.35273
"Mat",2.90421
"Mat",0.58446
"Mat",1.20201
"Mat",0.9782
"Mat",2.35232
"Mat",0.87238
"Mat",1.55481
"Mat",3.81864
"Mat",2.88146
"Mat",0.52354
"Mat",10.97184
"Mat",6.96267
"Mat",1.73194
"Mat",2.60268
"Mat",4.43464
"Mat",1.02265
"Mat",3.63416
"Mat",1.80291
"Mat",6.16723
"Mat",3.41408
"Mat",1.53257
"Mat",3.95255
"Mat",2.41826
"Mat",1.81471
"Mat",1.04309
"Mat",1.57678
"Mat",1.62669
"Mat",2.08292
"Mat",5.35717
"Mat",9.31688
"Mat",3.69995
"Mat",2.77686
"Mat",0.50859
"Mat",2.08986
"Mat",1.71259
"Mat",1.11139
"Mat",1.15325
"Mat",1.68273
"Mat",0.12348
"Mat",2.67212
"Mat",1.64361
"Mat",1.65394
"Mat",0.42279
"Mat",0.34498
"Mat",0.21266
"Mat",0.80614
"Mat",3.29049
"Mat",3.29879
"Mat",0.93867
"Mat",2.32104
"Mat",1.0096
"Mat",6.15839
"Mat",2.57855
"Mat",1.66831
"Mat",1.8177
"Mat",1.03952
"Mat",0.35611
"Mat",1.00899
"Mat",3.94384
"Mat",1.6799
"Mat",1.20489
"Mat",2.07873
"Mat",0.27926
"Mat",7.74143
"Mat",1.40507
"Mat",0.24759
"Mat",3.45044
"Mat",0.25023
"Mat",3.92255
"Mat",0.22224
"Mat",4.42991
"Mat",1.78346
"Mat",1.43458
"Mat",5.23649
"Mat",0.94451
"Mat",1.86408
"Mat",2.22529
"Mat",0.85647
"Mat",2.62765
"Mat",1.0915
"Mat",4.08245
"Mat",2.10173
"Mat",0.46081
"Mat",8.23673
"Mat",4.55834
"Mat",4.59691
"Mat",2.69469
"Mat",4.83167
"Mat",2.87531
"Mat",6.09406
"Mat",1.73479
"Mat",9.06971
"Mat",0.6486
"Mat",0.14753
"Mat",3.16688
"Mat",5.66555
"Mat",0.97461
"Mat",1.04016
"Mat",0.66971
"Mat",0.4386
"Mat",2.00708
"Mat",2.65579
"Mat",3.24906
"Mat",0.6244
"Mat",2.85792
"Mat",0.42248
"Mat",5.29366
"Mat",7.4763
"Mat",5.81303
"Mat",0.17552
"Mat",1.63572
"Mat",4.44586
"Mat",0.0438
"Mat",4.08265
"Mat",3.56801
"Mat",3.31814
"Mat",5.96014
"Mat",2.58939
"Mat",2.05529
"Mat",0.18614
"Mat",4.736
"Mat",7.92956
"Mat",0.02449
"Mat",0.0489
"Mat",0.22904
"Mat",0.11843
"Mat",0.83403
"Mat",0.93513
"Mat",3.61626
"Mat",2.38121
"Mat",2.66438
"Mat",0.61979
"Mat",2.21077
"Mat",0.13948
"Mat",1.86278
"Mat",3.05733
"Mat",5.27532
"Mat",1.49699
"Mat",3.40167
"Mat",5.17459
"Mat",3.2234
"Mat",0.71583
"Mat",0.23309
"Mat",0.54107
"Mat",0.14541
"Mat",2.58565
"Mat",4.67263
"Mat",0.99045
"Mat",1.05642
"Mat",0.68015
"Mat",6.86171
"Mat",0.38483
"Mat",2.80938
"Mat",2.68201
"Mat",0.38355
"Mat",3.25315
"Mat",4.09758
"Mat",2.17176
"Mat",4.98433
"Mat",5.47353
"Mat",5.82883
"Mat",5.2504
"Mat",4.57752
"Mat",5.74895
"Mat",2.39124
"Mat",4.18881
"Mat",4.9401
"Mat",9.20972
"Mat",2.59991
"Mat",4.55725
"Mat",1.30068
"Mat",2.52464
"Mat",0.62604
"Mat",0.33972
"Mat",0.92313
"Mat",7.39189
"Mat",2.9286
"Mat",6.7687
"Mat",10.74005
"Mat",10.70764
"Mat",2.75974
"Mat",3.47267
"Mat",1.37907
"Mat",2.24158
"Mat",2.62082
"Mat",0.40166
"Mat",1.2303
"Mat",7.21836
"Mat",1.21213
"Mat",6.57321
"Mat",0.42148
"Mat",1.13458
"Mat",1.33019
"Mat",5.50147
"Mat",3.69501
"Mat",0.66619
"Mat",5.41825
"Mat",5.43813
"Mat",1.04689
"Mat",0.77822
"Mat",0.83147
"Mat",0.18954
"Mat",0.81107
"Mat",3.91514
"Mat",5.42729
"Mat",4.36477
"Mat",4.51718
"Mat",2.00011
"Mat",2.09941
"Mat",1.63328
"Mat",4.04178
"Mat",2.38681
"Mat",0.96626
"Mat",8.00593
"Mat",6.41504
"Mat",2.17412
"Mat",0.51431
"Mat",0.29638
"Mat",4.57702
"Mat",1.34624
"Mat",5.79914
"Mat",1.89907
"Mat",0.44731
"Mat",0.31657
"Mat",2.91678
"Mat",1.54862
"Mat",9.40188
"Mat",1.90914
"Mat",2.2806
"Mat",0.90966
"Mat",3.53548
"Mat",1.8747
"Mat",6.34747
"Mat",3.24172
"Mat",2.89852
"Mat",1.55779
"Mat",0.47987
"Mat",4.7428
"Mat",4.13173
"Mat",1.68796
"Mat",1.16144
"Mat",0.5967
"Mat",0.8688
"Mat",5.36187
"Mat",3.58497
"Mat",1.75498
"Mat",2.71029
"Mat",7.14025
"Mat",3.90725
"Mat",1.72638
"Mat",2.46179
"Mat",4.25307
"Mat",2.114
"Mat",5.58853
"Mat",3.03053
"Mat",0.59623
"Mat",4.48395
"Mat",2.30677
"Mat",0.3452
"Mat",3.17307
"Mat",3.81326
"Mat",2.40918
"Mat",0.7439
"Mat",6.89387
"Mat",1.3462
"Mat",4.94804
"Mat",1.07925
"Mat",3.34908
"Mat",2.85218
"Mat",2.53183
"Mat",1.36968
"Mat",0.188
"Mat",6.39457
"Mat",8.38731
"Mat",0.78802
"Mat",2.18851
"Mat",2.24809
"Mat",0.95889
"Mat",4.6083
"Mat",2.47821
"Mat",4.31795
"Mat",8.11163
"Mat",0.9804
"Mat",5.25225
"Mat",2.26242
"Mat",7.10501
"Mat",2.06284
"Mat",0.77621
"Mat",4.41941
"Mat",6.22715
"Mat",2.40061
"Mat",2.3993
"Mat",5.56172
"Mat",3.51499
"Mat",3.30922
"Mat",7.14354
"Mat",3.2214
"Mat",4.96178
"Mat",2.30719
"Mat",2.53982
"Mat",3.11858
"Mat",0.42624
"Mat",6.22139
"Mat",0.39253
"Mat",0.31857
"Mat",0.27992
"Mat",0.55367
"Mat",4.59777
"Mat",0.18368
"Mat",0.66725
"Mat",0.89397
"Mat",0.93394
"Mat",4.2705
"Mat",2.42963
"Mat",1.37846
"Mat",2.23141
"Mat",0.0184
"Mat",5.24086
"Mat",3.7184
"Mat",0.29709
"Mat",0.10703
"Mat",1.51995
"Mat",5.96482
"Mat",1.17616
"Mat",3.83445
"Mat",2.35367
"Mat",0.96052
"Mat",2.44013
"Mat",4.45856
"Mat",4.73465
"Mat",4.88507
"Mat",3.83656
"Mat",1.24968
"Mat",0.66279
"Mat",4.07936
"Mat",2.23351
"Mat",1.14811
"Mat",0.1776
"Mat",6.29672
"Mat",2.83038
"Mat",0.14924
"Mat",0.83726
"Mat",7.19526
"Mat",1.13858
"Mat",5.81281
"Mat",8.48835
"Mat",5.48694
"Mat",2.74631
"Mat",1.56988
"Mat",6.02324
"Mat",1.22115
"Mat",3.71697
"Mat",0.86727
"Mat",3.89738
"Mat",3.85581
"Mat",2.02525
"Mat",0.64947
"Mat",1.35474
"Mat",3.45469
"Mat",1.95624
"Mat",0.14572
"Mat",6.84463
"Mat",4.63719
"Mat",6.09667
"Mat",3.0807
"Mat",1.46189
"Mat",5.0864
"Mat",1.7395
"Mat",3.64601
"Mat",1.0615
"Mat",4.95559
"Mat",2.72808
"Mat",6.8286
"Mat",2.08764
"Mat",1.44601
"Mat",3.71366
"Mat",1.07647
"Mat",1.48082
"Mat",7.8673
"Mat",2.77492
"Mat",10.94461
"Mat",6.62168
"Mat",5.01037
"Mat",2.20878
"Mat",4.55971
"Mat",5.01266
"Mat",6.45164
"Mat",5.78885
"Mat",5.11222
"Mat",4.53265
"Mat",7.90258
"Mat",6.76021
"Mat",8.27604
"Mat",5.3948
"Mat",2.29473
"Mat",1.86246
"Mat",0.48175
"Mat",2.9974
"Mat",3.0662
"Mat",5.41665
"Mat",2.99274
"Mat",1.93601
"Mat",0.92197
"Mat",4.85381
"Mat",1.57912
"Mat",3.52404
"Mat",2.76622
"Mat",4.28689
"Mat",1.55449
"Mat",1.50908
"Mat",2.16599
"Mat",1.83275
"Mat",0.98337
"Mat",5.39943
"Mat",3.78645
"Mat",0.39258
"Mat",0.32227
"Mat",0.18817
"Mat",2.88871
"Mat",3.78373
"Mat",6.35269
"Mat",7.14151
"Mat",11.62304
"Mat",0.39815
"Mat",8.67808
"Mat",4.52089
"Mat",2.05782
"Mat",8.12385
"Mat",1.54962
"Mat",3.03696
"Mat",6.12567
"Mat",3.56805
"Mat",1.96195
"Mat",0.10759
"Mat",5.25234
"Mat",2.94522
"Mat",7.14399
"Mat",1.61694
"Mat",2.12176
"Mat",6.99776
"Mat",4.24105
"Mat",1.25818
"Mat",0.49423
"Mat",3.61932
"Mat",3.9485
"Mat",4.68516
"Mat",1.89641
"Mat",5.06958
"Mat",0.48284
"Mat",1.57742
"Mat",0.02685
"Mat",5.72936
"Mat",3.2213
"Mat",0.39076
"Mat",10.34383
"Mat",8.21788
"Mat",5.62925
"Mat",1.90876
"Mat",2.59057
"Mat",8.01261
"Mat",3.01454
"Mat",7.38471
"Mat",9.5931
"Mat",0.89723
"Mat",1.99245
"Mat",3.69119
"Mat",0.88691
"Mat",3.09156
"Mat",1.95143
"Mat",5.34493
"Mat",7.22445
"Mat",2.9804
"Mat",0.8395
"Mat",4.58667
"Mat",0.52639
"Mat",0.09584
"Mat",2.80661
"Mat",2.36824
"Mat",7.78105
"Mat",5.67433
"Mat",0.75153
"Mat",3.01649
"Mat",2.91776
"Mat",1.39363
"Mat",11.46117
"Mat",0.53596
"Mat",5.64171
"Mat",4.15664
"Mat",1.89211
"Mat",2.74868
"Mat",5.16866
"Mat",5.99557
"Mat",3.42117
"Mat",3.28466
"Mat",4.2386
"Mat",6.67333
"Mat",3.38464
"Mat",5.27379
"Mat",2.53454
"Mat",5.00219
"Mat",4.44617
"Mat",0.36302
"Mat",0.77829
"Mat",2.04326
"Mat",0.89476
"Mat",0.22423
"Mat",1.35814
"Mat",0.64883
"Mat",5.87553
"Mat",2.80931
"Mat",0.49961
"Mat",2.37127
"Mat",4.5519
"Mat",3.75169
"Mat",5.20328
"Mat",3.78584
"Mat",4.25678
"Mat",7.1682
"Mat",3.20372
"Mat",1.4249
"Mat",0.2783
"Mat",0.71469
"Mat",3.98647
"Mat",4.10896
"Mat",0.13636
"Mat",0.34047
"Mat",0.03346
"Mat",7.78765
"Mat",3.16086
"Mat",2.53102
"Mat",6.53883
"Mat",2.54043
"Mat",2.27707
"Mat",3.83074
"Mat",1.32908
"Mat",1.4831
"Mat",0.85709
"Mat",4.09603
"Mat",4.7144
"Mat",6.89498
"Mat",3.4352
"Mat",6.01099
"Mat",3.5776
"Mat",7.44051
"Mat",5.3928
"Mat",4.4526
"Mat",6.07788
"Mat",0.41522
"Mat",2.15115
"Mat",6.48828
"Mat",3.2154
"Mat",2.46025
"Mat",4.84686
"Mat",3.55983
"Mat",9.12564
"Mat",7.4946
"Mat",6.94536
"Mat",7.7979
"Mat",3.51308
"Mat",8.78877
"Mat",5.63064
"Mat",7.53088
"Mat",4.29188
"Mat",1.10346
"Mat",2.44729
"Mat",5.18039
"Mat",6.86001
"Mat",2.34851
"Mat",3.783
"Mat",12.03142
"Mat",4.26669
"Mat",0.41862
"Mat",3.44427
"Mat",0.35021
"Mat",0.19637
"Mat",1.94489
"Mat",1.71847
"Mat",0.31041
"Mat",2.37214
"Mat",7.04708
"Mat",1.61681
"Mat",0.157
"Mat",0.2789
"Mat",0.17034
"Mat",0.24707
"Mat",5.98191
"Mat",0.47808
"Mat",7.857
"Mat",1.55456
"Mat",0.58845
"Mat",2.60559
"Mat",3.07014
"Mat",3.32878
"Mat",0.77534
"Mat",0.81241
"Mat",0.21022
"Mat",0.82322
"Mat",4.54955
"Mat",3.41555
"Mat",0.7874
"Mat",0.87084
"Mat",3.0938
"Mat",7.6465
"Mat",2.59585
"Mat",2.50639
"Mat",5.38609
"Mat",0.7607
"Mat",3.64922
"Mat",3.98461
"Mat",1.24226
"Mat",1.19982
"Mat",3.34221
"Mat",7.01055
"Mat",2.3411
"Mat",2.45408
"Mat",5.39383
"Mat",0.30846
"Mat",0.36014
"Mat",4.28576
"Mat",0.99583
"Mat",4.59329
"Mat",4.5183
"Mat",5.44541
"Mat",1.12751
"Mat",0.79828
"Mat",6.14396
"Mat",3.89606
"Mat",4.16081
"Mat",0.97048
"Mat",0.5683
"Mat",2.1781
"Mat",1.31892
"Mat",5.22213
"Mat",2.83326
"Mat",2.17177
"Mat",0.89665
"Mat",5.2459
"Mat",5.73
"Mat",2.99731
"Mat",0.60807
"Mat",3.07868
"Mat",1.49626
"Mat",2.42648
"Mat",3.72265
"Mat",1.66579
"Mat",8.58899
"Mat",2.08987
"Mat",5.20865
"Mat",0.43905
"Mat",3.94642
"Mat",0.24223
"Mat",3.72895
"Mat",1.417
"Mat",3.06265
"Mat",7.47675
"Mat",6.57374
"Mat",0.13934
"Mat",2.38685
"Mat",2.23971
"Mat",6.11228
"Mat",0.20744
"Mat",0.1633
"Mat",3.19631
"Mat",1.27999
"Mat",0.66439
"Mat",3.14257
"Mat",0.95289
"Mat",3.02051
"Mat",1.11378
"Mat",4.06831
"Mat",5.67796
"Mat",2.77793
"Mat",2.36099
"Mat",1.31625
"Mat",0.86836
"Mat",1.18606
"Mat",4.11013
"Mat",7.09832
"Mat",3.60608
"Mat",4.72633
"Mat",6.46173
"Mat",5.87886
"Mat",0.49294
"Mat",0.35649
"Mat",6.22801
"Mat",4.93031
"Mat",4.2279
"Mat",3.0686
"Mat",4.35041
"Mat",4.10049
"Mat",0.46967
"Mat",1.43845
"Mat",5.89612
"Mat",1.39818
"Mat",1.59551
"Mat",1.30433
"Mat",4.15226
"Mat",1.43023
"Mat",7.16691
"Mat",1.29345
"Mat",0.57106
"Mat",2.60425
"Mat",0.22086
"Mat",0.6533
"Mat",0.7178
"Mat",4.1166
"Mat",1.58588
"Mat",1.16339
"Mat",2.27198
"Mat",2.94471
"Mat",5.27422
"Mat",0.98231
"Mat",3.72815
"Mat",2.07717
"Mat",5.61372
"Mat",0.86895
"Mat",9.64925
"Mat",6.94024
"Mat",1.91926
"Mat",2.33558
"Mat",6.37488
"Mat",0.91721
"Mat",1.38228
"Mat",1.80799
"Mat",2.92239
"Mat",0.82164
"Mat",1.01753
"Mat",5.82047
"Mat",1.19412
"Mat",3.90259
"Mat",3.54243
"Mat",2.32427
"Mat",1.37935
"Mat",6.03233
"Mat",2.04342
"Mat",1.6463
"Mat",2.21255
"Mat",7.64606
"Mat",2.6486
"Mat",2.63101
"Mat",3.80068
"Mat",3.14188
"Mat",6.52566
"Mat",2.50828
"Mat",5.09228
"Mat",0.05235
"Mat",4.5621
"Mat",5.44287
"Mat",4.04905
"Mat",1.42268
"Mat",3.34403
"Mat",4.53186
"Mat",2.76869
"Mat",0.94287
"Mat",4.17254
"Mat",0.16644
"Mat",0.26837
"Mat",1.69837
"Mat",2.08044
"Mat",3.97396
"Mat",3.89222
"Mat",2.70408
"Mat",1.22187
"Mat",6.85352
"Mat",5.3399
"Mat",6.42175
"Mat",5.10856
"Mat",0.79795
"Mat",0.34233
"Mat",0.41033
"Mat",3.57811
"Mat",3.08597
"Mat",0.61981
"Mat",1.16332
"Mat",1.38134
"Mat",4.62335
"Mat",4.80889
"Mat",5.39403
"Mat",7.28319
"Mat",2.01903
"Mat",9.41432
"Mat",11.82486
"Mat",0.97941
"Mat",4.74292
"Mat",5.37132
"Mat",0.9305
"Mat",2.67089
"Mat",3.25157
"Mat",0.24152
"Mat",6.64842
"Mat",3.35889
"Mat",2.47656
"Mat",1.21973
"Mat",2.39152
"Mat",3.93809
"Mat",1.7659
"Mat",0.29544
"Mat",0.12004
"Mat",0.79594
"Mat",2.26626
"Mat",5.47889
"Mat",2.28458
"Mat",3.49196
"Mat",3.20613
"Mat",0.58493
"Mat",2.35104
"Mat",4.12556
"Mat",4.79467
"Mat",4.47821
"Mat",5.50095
"Mat",6.31534
"Mat",3.84822
"Mat",2.16483
"Mat",3.28449
"Mat",4.77299
"Mat",2.50252
"Mat",4.889
"Mat",0.90141
"Mat",6.70599
"Mat",2.11772
"Mat",7.3544
"Mat",7.17253
"Mat",1.8673
"Mat",2.72779
"Mat",0.71787
"Mat",2.32184
"Mat",7.18917
"Mat",6.3597
"Mat",4.73957
"Mat",6.62602
"Mat",1.42082
"Mat",2.9704
"Mat",10.40038
"Mat",5.48155
"Mat",3.76192
"Mat",1.48138
"Mat",1.7076
"Mat",5.02724
"Mat",1.17069
"Mat",4.90881
"Mat",4.11027
"Mat",0.87919
"Mat",0.08981
"Mat",1.78535
"Mat",1.71733
"Mat",3.61646
"Mat",3.6664
"Mat",6.97853
"Mat",0.4429
"Mat",5.96729
"Mat",3.67324
"Mat",1.29579
"Mat",7.31188
"Mat",1.42104
"Mat",2.02909
"Mat",2.05231
"Mat",9.24665
"Mat",5.03086
"Mat",7.5054
"Mat",5.19424
"Mat",1.71993
"Mat",3.01305
"Mat",0.25219
"Mat",2.5375
"Mat",3.11532
"Mat",2.99305
"Mat",2.97859
"Mat",7.30054
"Mat",3.74812
"Mat",3.15416
"Mat",8.70076
"Mat",4.64947
"Mat",4.52674
"Mat",8.58347
"Mat",3.87869
"Mat",4.4874
"Mat",3.46076
"Mat",4.37873
"Mat",3.46879
"Mat",6.93278
"Mat",2.64911
"Mat",0.85319
"Mat",3.43061
"Mat",4.67583
"Mat",5.17302
"Mat",3.26323
"Mat",5.12909
"Mat",0.33648
"Mat",9.79878
"Mat",0.42887
"Mat",0.14644
"Mat",1.0202
"Mat",0.05927
"Mat",2.24509
"Mat",1.8308
"Mat",1.49785
"Mat",5.98433
"Mat",0.86086
"Mat",8.88055
"Mat",0.84896
"Mat",0.38841
"Mat",11.43276
"Mat",0.16721
"Mat",5.7146
"Mat",1.17624
"Mat",1.96649
"Mat",8.57995
"Mat",2.04606
"Mat",1.48539
"Mat",0.01205
"Mat",3.54377
"Mat",2.15001
"Mat",0.53252
"Mat",1.69315
"Mat",0.20307
"Mat",2.23519
"Mat",2.7037
"Mat",2.56717
"Mat",2.14502
"Mat",3.93873
"Mat",1.89287
"Mat",1.74735
"Mat",2.67816
"Mat",3.30007
"Mat",1.89807
"Mat",4.86321
"Mat",3.53216
"Mat",10.46117
"Mat",6.86052
"Mat",3.51626
"Mat",3.83709
"Mat",3.57324
"Mat",4.59805
"Mat",6.56792
"Mat",1.91938
"Mat",3.30539
"Mat",6.48572
"Mat",4.08438
"Mat",2.71827
"Mat",8.60814
"Mat",2.88888
"Mat",0.40071
"Mat",0.67175
"Mat",6.7434
"Mat",2.43531
"Mat",0.4749
"Mat",0.21004
"Mat",0.28165
"Mat",0.22824
"Mat",3.99334
"Mat",4.72602
"Mat",0.39474
"Mat",0.74341
"Mat",0.66891
"Mat",2.90924
"Mat",1.5405
"Mat",2.72023
"Mat",3.64079
"Mat",3.02096
"Mat",0.67851
"Mat",8.96772
"Mat",6.20459
"Mat",3.02048
"Mat",1.56959
"Mat",6.74249
"Mat",0.27672
"Mat",4.23993
"Mat",3.68378
"Mat",3.78801
"Mat",0.54913
"Mat",9.48205
"Mat",0.89254
"Mat",0.73097
"Mat",0.41412
"Mat",3.20882
"Mat",2.53334
"Mat",6.70374
"Mat",2.19446
"Mat",4.54998
"Mat",3.67274
"Mat",3.13941
"Mat",0.57581
"Mat",5.63069
"Mat",0.84047
"Mat",0.22626
"Mat",0.95893
"Mat",0.6249
"Mat",0.05417
"Mat",4.01891
"Mat",2.01652
"Mat",1.38682
"Mat",2.19914
"Mat",0.83243
"Mat",1.89931
"Mat",6.27673
"Mat",0.78604
"Mat",3.65834
"Mat",7.56138
"Mat",0.01691
"Mat",1.21081
"Mat",2.85957
"Mat",3.19745
"Mat",0.85376
"Mat",0.67896
"Mat",2.96725
"Mat",0.03212
"Mat",3.83595
"Mat",2.44735
"Mat",5.53568
"Mat",0.92263
"Mat",1.22346
"Mat",0.98154
"Mat",2.34348
"Mat",0.81369
"Mat",4.55884
"Mat",0.45638
"Mat",2.56652
"Mat",6.29787
"Mat",2.61502
"Mat",2.76029
"Mat",0.05751
"Mat",2.66371
"Mat",0.00414
"Mat",1.49902
"Mat",6.72576
"Mat",0.26855
"Mat",3.1852
"Mat",9.11245
"Mat",4.32618
"Mat",1.61982
"Mat",2.61174
"Mat",0.91373
"Mat",0.03094
"Mat",2.75148
"Mat",3.51658
"Mat",2.46777
"Mat",1.63378
"Mat",3.97526
"Mat",1.80817
"Mat",1.64841
"Mat",4.43763
"Mat",1.78937
"Mat",1.09139
"Mat",3.13231
"Mat",4.0862
"Mat",0.0083
"Mat",1.82353
"Mat",9.20069
"Mat",5.28673
"Mat",0.75629
"Mat",7.08977
"Mat",3.02487
"Mat",3.24433
"Mat",1.41363
"Mat",2.0019
"Mat",4.1474
"Mat",6.30111
"Mat",0.51494
"Mat",0.11939
"Mat",3.24538
"Mat",0.24749
"Mat",3.56588
"Mat",2.90463
"Mat",1.70576
"Mat",0.33804
"Mat",0.04219
"Mat",0.31308
"Mat",1.45456
"Mat",1.67662
"Mat",1.77616
"Mat",3.52899
"Mat",0.36586
"Mat",4.45989
"Mat",1.6273
"Mat",1.28927
"Mat",2.94849
"Mat",12.83634
"Mat",8.08366
"Mat",7.69886
"Mat",3.42138
"Mat",0.22713
"Mat",0.68775
"Mat",0.7798
"Mat",3.5768
"Mat",7.06852
"Mat",2.33868
"Mat",3.56865
"Mat",1.07029
"Mat",3.3442
"Mat",8.00215
"Mat",2.94592
"Mat",1.80344
"Mat",7.97904
"Mat",0.00729
"Mat",1.34337
"Mat",4.49344
"Mat",1.60342
"Mat",1.04983
"Mat",4.62445
"Mat",4.65078
"Mat",0.00561
"Mat",4.02286
"Mat",2.80775
"Mat",7.9068
"Mat",0.45432
"Mat",7.78268
"Mat",1.23313
"Mat",5.86163
"Mat",1.2453
"Mat",6.41397
"Mat",2.84566
"Mat",4.80341
"Mat",3.5846
"Mat",0.21784
"Mat",5.93432
"Mat",0.43079
"Mat",5.78287
"Mat",0.92351
"Mat",4.86076
"Mat",2.39529
"Mat",0.44157
"Mat",0.68347
"Mat",0.78897
"Mat",1.97761
"Mat",1.08169
"Mat",3.6967
"Mat",3.4202
"Mat",9.8163
"Mat",0.70002
"Mat",6.22654
"Mat",1.02006
"Mat",7.78615
"Mat",0.52421
"Mat",6.59565
"Mat",0.31617
"Mat",3.75822
"Mat",2.44386
"Mat",2.31285
"Mat",5.79508
"Mat",2.29185
"Mat",3.569
"Mat",3.27491
"Mat",0.27477
"Mat",4.07859
"Mat",4.33564
"Mat",0.74135
"Mat",1.25613
"Mat",3.35521
"Mat",0.13929
"Mat",4.03791
"Mat",4.74336
"Mat",1.538
"Mat",0.69344
"Mat",0.24308
"Mat",4.90884
"Mat",10.26628
"Mat",6.1538
"Mat",0.32197
"Mat",5.22246
"Mat",5.54905
"Mat",2.44065
"Mat",4.49775
"Mat",4.22981
"Mat",1.38515
"Mat",3.07242
"Mat",5.4462
"Mat",0.84989
"Mat",1.44758
"Mat",0.66037
"Mat",4.79574
"Mat",2.12033
"Mat",4.18092
"Mat",0.98636
"Mat",0.37608
"Mat",3.74803
"Mat",3.46435
"Mat",4.22288
"Mat",0.786
"Mat",0.9825
"Mat",4.39014
"Mat",0.06948
"Mat",1.24482
"Mat",1.78622
"Mat",6.54775
"Mat",3.39885
"Mat",10.62821
"Mat",0.92537
"Mat",2.48674
"Mat",3.10831
"Mat",0.95365
"Mat",1.40289
"Mat",5.72209
"Mat",7.55826
"Mat",2.10172
"Mat",1.1689
"Mat",0.25602
"Mat",3.65666
"Mat",4.76968
"Mat",3.37189
"Mat",2.89708
"Mat",2.84091
"Mat",0.18554
"Mat",1.1084
"Mat",0.3428
"Mat",6.78358
"Mat",3.63058
"Mat",1.1404
"Mat",0.33474
"Mat",3.59289
"Mat",7.35695
"Mat",12.16607
"Mat",4.44778
"Mat",2.94539
"Mat",5.36052
"Mat",4.88393
"Mat",14.2402
"Mat",1.55834
"Mat",3.5157
"Mat",0.3019
"Mat",5.63208
"Mat",2.09119
"Mat",2.17185
"Mat",2.70211
"Mat",1.27468
"Mat",2.50141
"Mat",5.97542
"Mat",2.32646
"Mat",2.55585
"Mat",5.39278
"Mat",1.20903
"Mat",7.37444
"Mat",1.36596
"Mat",1.46893
"Mat",9.22193
"Mat",4.98565
"Mat",4.29965
"Mat",1.04992
"Mat",0.4484
"Mat",0.84119
"Mat",0.34255
"Mat",3.11383
"Mat",2.76411
"Mat",2.59711
"Mat",7.04412
"Mat",1.65177
"Mat",6.32807
"Mat",3.11158
"Mat",0.69893
"Mat",1.85205
"Mat",8.87572
"Mat",2.70669
"Mat",6.13038
"Mat",2.61613
"Mat",9.60907
"Mat",1.79956
"Mat",2.50421
"Mat",10.48561
"Mat",3.40325
"Mat",9.02855
"Mat",1.55367
"Mat",7.40494
"Mat",2.9365
"Mat",0.65011
"Mat",2.96278
"Mat",5.35968
"Mat",1.45262
"Mat",1.70148
"Mat",0.596
"Mat",3.49571
"Mat",0.7741
"Mat",3.13007
"Mat",6.06555
"Mat",2.9918
"Mat",1.41311
"Mat",2.87641
"Mat",9.82237
"Mat",4.94979
"Mat",1.62787
"Mat",1.26248
"Mat",3.73221
"Mat",2.52122
"Mat",3.22961
"Mat",0.96808
"Mat",2.18388
"Mat",1.66788
"Mat",5.01358
"Mat",2.37088
"Mat",1.4531
"Mat",3.63998
"Mat",2.1192
"Mat",2.95637
"Mat",1.59782
"Mat",0.78459
"Mat",3.26358
"Mat",0.22948
"Mat",2.45581
"Mat",1.02657
"Mat",0.30294
"Mat",2.92704
"Mat",1.32277
"Mat",1.14633
"Mat",3.94427
"Mat",3.53509
"Mat",3.71087
"Mat",5.09071
"Mat",6.50623
"Mat",5.27859
"Mat",5.07008
"Mat",4.82125
"Mat",3.63264
"Mat",0.94575
"Mat",2.95705
"Mat",0.48609
"Mat",2.83709
"Mat",7.73384
"Mat",7.07007
"Mat",3.59902
"Mat",3.2159
"Mat",0.52574
"Mat",4.80248
"Mat",5.35539
"Mat",3.11922
"Mat",0.91902
"Mat",1.79692
"Mat",0.90477
"Mat",2.41963
"Mat",4.52194
"Mat",8.92371
"Mat",6.58073
"Mat",3.6772
"Mat",2.07208
"Mat",3.40863
"Mat",6.21371
"Mat",5.16557
"Mat",2.98372
"Mat",0.55692
"Mat",0.30949
"Mat",2.8528
"Mat",1.75482
"Mat",4.9127
"Mat",9.14919
"Mat",3.01433
"Mat",3.41884
"Mat",2.97352
"Mat",5.60769
"Mat",3.36465
"Mat",5.16721
"Mat",3.28381
"Mat",4.03653
"Mat",4.07244
"Mat",4.66616
"Mat",6.18647
"Mat",7.5854
"Mat",3.39609
"Mat",0.78075
"Mat",3.85045
"Mat",2.45608
"Mat",10.67746
"Mat",4.73829
"Mat",6.6082
"Mat",4.84624
"Mat",0.86925
"Mat",1.94912
"Mat",9.02674
"Mat",3.96381
"Mat",4.87574
"Mat",8.41019
"Mat",2.90489
"Mat",7.32781
"Mat",2.09396
"Mat",5.11139
"Mat",4.22871
"Mat",5.49117
"Mat",0.06915
"Mat",0.12144
"Mat",0.12226
"Mat",3.1227
"Mat",0.05109
"Mat",0.33058
"Mat",1.12725
"Mat",2.89234
"Mat",0.71953
"Mat",1.32458
"Mat",3.48814
"Mat",2.9412
"Mat",3.56122
"Mat",4.81974
"Mat",12.14926
"Mat",2.02507
"Mat",2.01636
"Mat",2.87943
"Mat",2.61111
"Mat",6.15387
"Mat",2.50617
"Mat",0.56546
"Mat",5.85016
"Mat",3.55509
"Mat",5.8026
"Mat",1.85553
"Mat",3.01448
"Mat",1.53219
"Mat",1.17477
"Mat",5.89309
"Mat",6.14735
"Mat",1.56445
"Mat",2.53471
"Mat",4.83353
"Mat",2.53798
"Mat",3.15386
"Mat",3.94235
"Mat",2.3618
"Mat",6.13776
"Mat",3.28607
"Mat",12.6022
"Mat",8.06032
"Mat",4.0422
"Mat",6.39886
"Mat",2.53751
"Mat",4.1637
"Mat",6.73597
"Mat",0.4955
"Mat",5.24186
"Mat",1.93298
"Mat",2.90015
"Mat",2.58322
"Mat",7.91982
"Mat",5.11065
"Mat",1.20404
"Mat",1.91678
"Mat",1.7114
"Mat",2.08993
"Mat",1.69122
"Mat",0.87898
"Mat",1.65726
"Mat",0.95679
"Mat",3.49598
"Mat",7.11509
"Mat",2.69567
"Mat",1.52043
"Mat",3.48237
"Mat",1.99637
"Mat",3.33827
"Mat",1.1357
"Mat",2.44703
"Mat",1.60464
"Mat",2.11258
"Mat",2.02915
"Mat",8.32387
"Mat",9.97844
"Mat",3.41437
"Mat",1.55697
"Mat",3.21777
"Mat",0.20913
"Mat",2.94343
"Mat",1.53797
"Mat",3.09959
"Mat",3.11975
"Mat",2.39554
"Mat",6.52337
"Mat",3.84236
"Mat",5.11506
"Mat",2.81311
"Mat",4.78863
"Mat",2.34003
"Mat",3.71658
"Mat",4.87827
"Mat",1.16154
"Mat",4.59274
"Mat",2.83432
"Mat",2.19577
"Mat",3.51061
"Mat",1.86754
"Mat",7.26565
"Mat",2.89358
"Mat",4.80236
"Mat",4.98697
"Mat",5.43701
"Mat",5.66732
"Mat",0.55487
"Mat",0.0907
"Mat",3.40415
"Mat",4.13978
"Mat",1.50665
"Mat",5.76691
"Mat",2.48029
"Mat",11.63784
"Mat",8.42747
"Mat",7.58852
"Mat",2.94823
"Mat",5.7348
"Mat",8.15219
"Mat",0.25598
"Mat",2.31783
"Mat",2.75402
"Mat",1.00798
"Mat",5.55084
"Mat",2.15418
"Mat",8.32537
"Mat",5.87792
"Mat",3.18907
"Mat",2.71733
"Mat",6.32848
"Mat",7.61352
"Mat",2.13174
"Mat",0.28773
"Mat",1.3759
"Mat",3.5491
"Mat",2.68018
"Mat",2.89047
"Mat",2.35189
"Mat",1.80845
"Mat",8.06368
"Mat",4.09532
"Mat",4.15439
"Mat",2.28453
"Mat",4.73451
"Mat",1.42563
"Mat",3.49726
"Mat",0.52742
"Mat",4.82733
"Mat",3.5152
"Mat",4.42084
"Mat",4.31636
"Mat",3.2508
"Mat",1.4808
"Mat",1.82659
"Mat",3.79982
"Mat",4.78537
"Mat",6.86145
"Mat",4.52339
"Mat",3.61063
"Mat",6.20944
"Mat",3.76815
"Mat",2.40764
"Mat",2.34359
"Mat",5.519
"Mat",3.71683
"Mat",7.31358
"Mat",4.78607
"Mat",3.4452
"Mat",2.28658
"Mat",7.64979
"Mat",2.83436
"Mat",1.71224
"Mat",3.93174
"Mat",1.4482
"Mat",1.07097
"Mat",7.32405
"Mat",3.15349
"Mat",1.06879
"Mat",0.08987
"Mat",8.24343
"Mat",0.1761
"Mat",0.03209
"Mat",0.19488
"Mat",0.15857
"Mat",8.03845
"Mat",3.53783
"Mat",0.09039
"Mat",0.47218
"Mat",1.88909
"Mat",1.57408
"Mat",4.01155
"Mat",2.21702
"Mat",0.24872
"Mat",1.2225
"Mat",0.70475
"Mat",0.46021
"Mat",0.6928
"Mat",0.21508
"Mat",0.52536
"Mat",0.03826
"Mat",5.5212
"Mat",0.15281
"Mat",1.45492
"Mat",0.77676
"Mat",0.58171
"Mat",2.14061
"Mat",6.20238
"Mat",3.6856
"Mat",0.96987
"Mat",8.34347
"Mat",1.25968
"Mat",4.67917
"Mat",2.30493
"Mat",8.83041
"Mat",5.61551
"Mat",4.22354
"Mat",1.14993
"Mat",5.72086
"Mat",0.28543
"Mat",3.21585
"Mat",3.4142
"Mat",1.50516
"Mat",2.44672
"Mat",6.13594
"Mat",2.40615
"Mat",5.81175
"Mat",1.84216
"Mat",6.28808
"Mat",7.25187
"Mat",4.32387
"Mat",1.58793
"Mat",0.23269
"Mat",1.77668
"Mat",7.51531
"Mat",7.02845
"Mat",1.02415
"Mat",3.98619
"Mat",1.82221
"Mat",0.73508
"Mat",3.21484
"Mat",2.89023
"Mat",3.58161
"Mat",8.63184
"Mat",1.95532
"Mat",2.96124
"Mat",2.68107
"Mat",0.79337
"Mat",3.83429
"Mat",3.38424
"Mat",3.40085
"Mat",8.76396
"Mat",1.53198
"Mat",3.25412
"Mat",2.8323
"Mat",1.55787
"Mat",6.24103
"Mat",4.81608
"Mat",0.07133
"Mat",1.98465
"Mat",3.22116
"Mat",3.07904
"Mat",4.79953
"Mat",5.19472
"Mat",1.12476
"Mat",2.75704
"Mat",3.64481
"Mat",4.3367
"Mat",13.38869
"Mat",13.93067
"Mat",0.1116
"Mat",3.46548
"Mat",1.37884
"Mat",6.11518
"Mat",0.67341
"Mat",1.01233
"Mat",3.30743
"Mat",0.64219
"Mat",0.09454
"Mat",4.39461
"Mat",0.1924
"Mat",1.14111
"Mat",5.67768
"Mat",1.62232
"Mat",3.82536
"Mat",5.24023
"Mat",4.19185
"Mat",3.56698
"Mat",2.81083
"Mat",2.56566
"Mat",1.72682
"Mat",1.06301
"Mat",2.19769
"Mat",1.80322
"Mat",1.0957
"Mat",0.23845
"Mat",1.31461
"Mat",0.7352
"Mat",2.58423
"Mat",3.02032
"Mat",2.98774
"Mat",1.27546
"Mat",2.05063
"Mat",10.94599
"Mat",1.29639
"Mat",0.76287
"Mat",0.15782
"Mat",1.44706
"Mat",1.65115
"Mat",4.35028
"Mat",0.24572
"Mat",2.99063
"Mat",2.82784
"Mat",0.8127
"Mat",2.22111
"Mat",5.42294
"Mat",2.67669
"Mat",0.90798
"Mat",0.51479
"Mat",1.77161
"Mat",2.04215
"Mat",2.76949
"Mat",0.07357
"Mat",1.57914
"Mat",1.70923
"Mat",5.7054
"Mat",0.23758
"Mat",2.47153
"Mat",7.15705
"Mat",0.72282
"Mat",1.52268
"Mat",1.18484
"Mat",1.48448
"Mat",2.79498
"Mat",4.01033
"Mat",0.57766
"Mat",0.9663
"Mat",0.10587
"Mat",3.15597
"Mat",2.80549
"Mat",1.77993
"Mat",0.5194
"Mat",3.72197
"Mat",2.30593
"Mat",2.12869
"Mat",2.58597
"Mat",0.32708
"Mat",2.28372
"Mat",9.06754
"Mat",2.30234
"Mat",1.16098
"Mat",1.99061
"Mat",0.62875
"Mat",0.55331
"Mat",4.13735
"Mat",1.45535
"Mat",2.57247
"Mat",0.82607
"Mat",3.68707
"Mat",5.3814
"Mat",5.37521
"Mat",1.06696
"Mat",12.09069
"Mat",6.79046
"Mat",1.36674
"Mat",4.85839
"Mat",0.29446
"Mat",6.90107
"Mat",2.65553
"Mat",0.47181
"Mat",2.42778
"Mat",5.59713
"Mat",0.05802
"Mat",5.03514
"Mat",3.18724
"Mat",7.98234
"Mat",0.75264
"Mat",1.26357
"Mat",1.86896
"Mat",0.3977
"Mat",1.95816
"Mat",1.20408
"Mat",3.16125
"Mat",1.72642
"Mat",2.77911
"Mat",1.6463
"Mat",2.51221
"Mat",4.42093
"Mat",6.22038
"Mat",1.75643
"Mat",6.60597
"Mat",0.12416
"Mat",1.47661
"Mat",1.71219
"Mat",4.21999
"Mat",0.35374
"Mat",0.88383
"Mat",5.6621
"Mat",0.14905
"Mat",0.66474
"Mat",7.21828
"Mat",3.53669
"Mat",0.78691
"Mat",0.73732
"Mat",3.20442
"Mat",0.22762
"Mat",2.40351
"Mat",1.47705
"Mat",0.51418
"Mat",0.59099
"Mat",3.24719
"Mat",0.51414
"Mat",0.97636
"Mat",5.88409
"Mat",9.03689
"Mat",2.22729
"Mat",0.46041
"Mat",2.41404
"Mat",5.98035
"Mat",1.669
"Mat",0.93604
"Mat",1.72995
"Mat",2.53543
"Mat",4.08972
"Mat",1.27297
"Mat",0.09535
"Mat",2.22415
"Mat",1.4747
"Mat",0.52178
"Mat",0.73367
"Mat",0.1468
"Mat",8.71231
"Mat",0.50126
"Mat",5.80038
"Mat",1.34705
"Mat",0.47202
"Mat",2.38559
"Mat",0.2092
"Mat",8.95807
"Mat",3.86707
"Mat",3.86963
"Mat",1.00851
"Mat",0.49613
"Mat",0.16307
"Mat",0.86632
"Mat",1.09937
"Mat",1.59863
"Mat",0.36556
"Mat",0.80757
"Mat",2.0202
"Mat",3.18158
"Mat",2.29548
"Mat",2.94542
"Mat",5.37687
"Mat",2.74884
"Mat",0.80657
"Mat",0.58359
"Mat",3.1592
"Mat",9.39039
"Mat",3.69718
"Mat",2.28562
"Mat",0.59749
"Mat",0.15772
"Mat",1.04327
"Mat",1.1464
"Mat",2.06885
"Mat",0.38737
"Mat",0.98435
"Mat",2.20239
"Mat",3.962
"Mat",1.85472
"Mat",10.05724
"Mat",2.16912
"Mat",2.09569
"Mat",2.1187
"Mat",1.11305
"Mat",11.83931
"Mat",3.08776
"Mat",4.82564
"Mat",5.00443
"Mat",1.38287
"Mat",0.6439
"Mat",1.69741
"Mat",7.29338
"Mat",2.08495
"Mat",0.90324
"Mat",2.07208
"Mat",2.35512
"Mat",2.43643
"Mat",2.76138
"Mat",0.38274
"Mat",4.42748
"Mat",0.78943
"Mat",5.62378
"Mat",0.76263
"Mat",6.80122
"Mat",2.79179
"Mat",3.49496
"Mat",4.76762
"Mat",3.73591
"Mat",1.14755
"Mat",2.1354
"Mat",2.32781
"Mat",1.43504
"Mat",2.62318
"Mat",0.09259
"Mat",0.49722
"Mat",2.50386
"Mat",1.90493
"Mat",1.81487
"Mat",1.72821
"Mat",4.77455
"Mat",1.42186
"Mat",1.25982
"Mat",2.48245
"Mat",2.10582
"Mat",0.82428
"Mat",5.92075
"Mat",2.68145
"Mat",0.97614
"Mat",7.9133
"Mat",7.48526
"Mat",5.63858
"Mat",3.12054
"Mat",3.7164
"Mat",1.87825
"Mat",3.1669
"Mat",0.67431
"Mat",1.71163
"Mat",6.7499
"Mat",0.11712
"Mat",1.23043
"Mat",0.19495
"Mat",4.26195
"Mat",0.41999
"Mat",6.49723
"Mat",1.9187
"Mat",2.30692
"Mat",6.36989
"Mat",2.65154
"Mat",1.14914
"Mat",9.36015
"Mat",13.19383
"Mat",5.63708
"Mat",0.83037
"Mat",1.00878
"Mat",2.67816
"Mat",3.51913
"Mat",1.40107
"Mat",4.59137
"Mat",3.02462
"Mat",0.19541
"Mat",0.84404
"Mat",1.86953
"Mat",4.67495
"Mat",2.65981
"Mat",2.01672
"Mat",1.57007
"Mat",0.16921
"Mat",2.52144
"Mat",1.52374
"Mat",1.99692
"Mat",9.1791
"Mat",2.2188
"Mat",4.11648
"Mat",12.58846
"Mat",1.36014
"Mat",8.48733
"Mat",4.16368
"Mat",0.373
"Mat",3.34858
"Mat",6.08109
"Mat",0.31507
"Mat",2.40791
"Mat",0.44318
"Mat",6.19391
"Mat",3.42496
"Mat",5.81757
"Mat",1.10557
"Mat",3.52254
"Mat",1.21063
"Mat",0.27532
"Mat",2.04026
"Mat",0.89486
"Mat",3.09152
"Mat",3.16443
"Mat",8.61974
"Mat",1.43758
"Mat",0.58486
"Mat",0.6493
"Mat",0.80985
"Mat",1.20075
"Mat",0.07435
"Mat",2.2584
"Mat",4.93044
"Mat",2.896
"Mat",2.37099
"Mat",3.43444
"Mat",6.58216
"Mat",2.68521
"Mat",1.27167
"Mat",8.32506
"Mat",0.34495
"Mat",0.67888
"Mat",3.30303
"Mat",3.27034
"Mat",3.29274
"Mat",3.2933
"Mat",3.3558
"Mat",9.46603
"Mat",8.08516
"Mat",2.21515
"Mat",2.13213
"Mat",5.57803
"Mat",6.92753
"Mat",0.51766
"Mat",1.31604
"Mat",2.64289
"Mat",2.21372
"Mat",4.04776
"Mat",3.13533
"Mat",0.88958
"Mat",0.38859
"Mat",5.17152
"Mat",0.77418
"Mat",3.66965
"Mat",0.94066
"Mat",0.72087
"Mat",3.87059
"Mat",3.49717
"Mat",6.83642
"Mat",0.02152
"Mat",1.74764
"Mat",2.63253
"Mat",2.88765
"Mat",5.82772
"Mat",2.14756
"Mat",3.44082
"Mat",0.34767
"Mat",2.0984
"Mat",7.05629
"Mat",1.03497
"Mat",1.46186
"Mat",1.31196
"Mat",0.58405
"Mat",3.39207
"Mat",0.90243
"Mat",0.97578
"Mat",1.55829
"Mat",3.87877
"Mat",6.67223
"Mat",1.74813
"Mat",4.22183
"Mat",7.54137
"Mat",1.65498
"Mat",0.65639
"Mat",5.69231
"Mat",8.71556
"Mat",0.02142
"Mat",3.36717
"Mat",0.97333
"Mat",1.33228
"Mat",2.14032
"Mat",2.65304
"Mat",1.83207
"Mat",0.01405
"Mat",0.73991
"Mat",3.17287
"Mat",3.74892
"Mat",1.01562
"Mat",2.19718
"Mat",3.75943
"Mat",2.34034
"Mat",1.87405
"Mat",6.60769
"Mat",3.4151
"Mat",1.91908
"Mat",0.34712
"Mat",5.62204
"Mat",0.47303
"Mat",3.66278
"Mat",4.81995
"Mat",7.89557
"Mat",1.0591
"Mat",0.61766
"Mat",6.13651
"Mat",3.22716
"Mat",1.2369
"Mat",0.64149
"Mat",7.38635
"Mat",3.795
"Mat",0.93771
"Mat",0.77272
"Mat",3.49307
"Mat",5.24083
"Mat",1.0638
"Mat",2.33312
"Mat",4.91216
"Mat",3.36854
"Mat",0.07888
"Mat",1.45485
"Mat",1.12337
"Mat",1.99481
"Mat",0.08777
"Mat",4.05054
"Mat",4.17163
"Mat",1.51078
"Mat",3.96713
"Mat",3.58637
"Mat",5.15407
"Mat",2.13306
"Mat",2.10215
"Mat",2.4821
"Mat",2.49511
"Mat",0.94588
"Mat",4.57962
"Mat",1.69592
"Mat",7.29932
"Mat",5.96994
"Mat",2.94852
"Mat",6.55253
"Mat",3.37653
"Mat",7.07615
"Mat",2.1797
"Mat",0.75528
"Mat",3.243
"Mat",3.61762
"Mat",1.21662
"Mat",0.19271
"Mat",3.81884
"Mat",6.0957
"Mat",4.53701
"Mat",0.23954
"Mat",0.38297
"Mat",0.99261
"Mat",0.31691
"Mat",11.56856
"Mat",3.02743
"Mat",0.46128
"Tho",3.90968
"Tho",0.77737
"Tho",0.32736
"Tho",5.22812
"Tho",8.6674
"Tho",3.23582
"Tho",0.13069
"Tho",4.47717
"Tho",5.93912
"Tho",6.47961
"Tho",2.36193
"Tho",4.89921
"Tho",6.86306
"Tho",5.59358
"Tho",9.31526
"Tho",3.76392
"Tho",4.96008
"Tho",0.5001
"Tho",0.26075
"Tho",1.76442
"Tho",4.38364
"Tho",1.38665
"Tho",3.35886
"Tho",5.10344
"Tho",3.86455
"Tho",7.35774
"Tho",3.56647
"Tho",3.54298
"Tho",0.13189
"Tho",5.17741
"Tho",1.80129
"Tho",3.52334
"Tho",4.83893
"Tho",4.22875
"Tho",6.53756
"Tho",1.83009
"Tho",5.25714
"Tho",4.37517
"Tho",2.59364
"Tho",1.83772
"Tho",0.27778
"Tho",1.85506
"Tho",0.38833
"Tho",2.55706
"Tho",6.46403
"Tho",1.45049
"Tho",2.97493
"Tho",1.22245
"Tho",1.04423
"Tho",3.3097
"Tho",2.91256
"Tho",2.59151
"Tho",2.96725
"Tho",2.88517
"Tho",2.11506
"Tho",2.14258
"Tho",6.81911
"Tho",1.618
"Tho",6.41574
"Tho",2.83506
"Tho",2.30835
"Tho",0.71258
"Tho",4.84676
"Tho",3.97879
"Tho",8.80758
"Tho",3.39916
"Tho",2.62136
"Tho",4.29834
"Tho",2.04638
"Tho",10.71901
"Tho",3.46411
"Tho",3.28101
"Tho",7.46929
"Tho",3.12042
"Tho",6.84319
"Tho",5.4953
"Tho",8.51082
"Tho",3.24261
"Tho",9.24833
"Tho",1.53824
"Tho",0.50137
"Tho",2.71661
"Tho",0.18705
"Tho",2.62276
"Tho",2.08672
"Tho",7.11286
"Tho",2.3788
"Tho",1.15133
"Tho",1.63808
"Tho",5.59542
"Tho",2.55703
"Tho",0.41448
"Tho",4.24671
"Tho",8.86818
"Tho",10.09374
"Tho",0.80971
"Tho",2.19736
"Tho",0.76962
"Tho",0.08054
"Tho",3.32372
"Tho",8.29502
"Tho",2.76984
"Tho",0.50518
"Tho",2.03725
"Tho",0.97424
"Tho",0.9209
"Tho",4.41124
"Tho",1.60016
"Tho",12.41343
"Tho",4.03949
"Tho",0.11185
"Tho",2.81953
"Tho",8.55428
"Tho",7.34829
"Tho",9.53019
"Tho",2.42384
"Tho",5.49591
"Tho",5.60505
"Tho",0.06821
"Tho",0.57564
"Tho",2.53647
"Tho",2.10629
"Tho",5.15386
"Tho",2.11791
"Tho",5.15405
"Tho",10.60166
"Tho",6.77148
"Tho",12.10511
"Tho",3.0482
"Tho",4.21634
"Tho",11.44032
"Tho",4.0115
"Tho",2.19788
"Tho",1.49252
"Tho",2.82258
"Tho",5.79343
"Tho",2.34607
"Tho",6.55074
"Tho",0.62717
"Tho",6.23301
"Tho",1.27859
"Tho",6.22439
"Tho",0.97118
"Tho",3.20101
"Tho",5.34938
"Tho",0.22484
"Tho",2.22825
"Tho",3.51521
"Tho",7.11431
"Tho",2.52494
"Tho",3.24833
"Tho",5.3701
"Tho",3.41357
"Tho",9.06756
"Tho",9.45525
"Tho",3.96054
"Tho",6.3492
"Tho",3.78249
"Tho",5.81514
"Tho",4.17229
"Tho",1.6809
"Tho",1.6609
"Tho",1.79569
"Tho",1.19638
"Tho",7.50403
"Tho",0.60373
"Tho",0.78181
"Tho",0.33668
"Tho",0.81182
"Tho",5.99032
"Tho",3.28867
"Tho",4.59644
"Tho",5.1886
"Tho",5.1369
"Tho",4.94794
"Tho",6.09719
"Tho",7.17957
"Tho",3.96367
"Tho",6.95423
"Tho",7.52053
"Tho",7.25133
"Tho",4.12365
"Tho",6.37878
"Tho",5.59798
"Tho",6.29601
"Tho",4.48623
"Tho",7.239
"Tho",5.20203
"Tho",6.06789
"Tho",2.50253
"Tho",3.70377
"Tho",1.89316
"Tho",0.72183
"Tho",9.54201
"Tho",1.83174
"Tho",2.18794
"Tho",7.91147
"Tho",5.17873
"Tho",5.03556
"Tho",6.05346
"Tho",11.77844
"Tho",8.23403
"Tho",2.73745
"Tho",6.15207
"Tho",4.60787
"Tho",4.55357
"Tho",5.25948
"Tho",4.39587
"Tho",6.53561
"Tho",1.75899
"Tho",1.81764
"Tho",1.74176
"Tho",3.90712
"Tho",2.49439
"Tho",4.45669
"Tho",3.39229
"Tho",5.11825
"Tho",2.98034
"Tho",2.54668
"Tho",1.95419
"Tho",6.99397
"Tho",6.37911
"Tho",3.1808
"Tho",1.60126
"Tho",9.90886
"Tho",4.32237
"Tho",2.52226
"Tho",3.21417
"Tho",3.23825
"Tho",8.60362
"Tho",7.46771
"Tho",1.52858
"Tho",4.0469
"Tho",1.06096
"Tho",0.36837
"Tho",0.90815
"Tho",0.55384
"Tho",3.55702
"Tho",3.02415
"Tho",8.93546
"Tho",9.80564
"Tho",3.40628
"Tho",5.75295
"Tho",2.51913
"Tho",0.00629
"Tho",3.31267
"Tho",2.18388
"Tho",1.12731
"Tho",2.79643
"Tho",2.35982
"Tho",8.20007
"Tho",6.67018
"Tho",2.0992
"Tho",5.24844
"Tho",1.27341
"Tho",0.48235
"Tho",1.28033
"Tho",2.33259
"Tho",3.10916
"Tho",2.91784
"Tho",3.43152
"Tho",6.70158
"Tho",3.21009
"Tho",4.98902
"Tho",1.83137
"Tho",2.64864
"Tho",1.3645
"Tho",3.3185
"Tho",3.02197
"Tho",0.26863
"Tho",1.92829
"Tho",0.71478
"Tho",2.34344
"Tho",2.78051
"Tho",2.42388
"Tho",5.81944
"Tho",4.72028
"Tho",5.78574
"Tho",0.21007
"Tho",0.24481
"Tho",4.66596
"Tho",3.09712
"Tho",5.467
"Tho",4.10875
"Tho",1.74687
"Tho",4.03753
"Tho",1.07677
"Tho",1.9732
"Tho",0.65946
"Tho",0.54118
"Tho",1.08971
"Tho",0.86062
"Tho",3.14488
"Tho",5.32539
"Tho",6.00405
"Tho",2.58492
"Tho",7.52047
"Tho",6.27838
"Tho",9.02231
"Tho",6.37483
"Tho",4.37217
"Tho",7.19719
"Tho",2.76323
"Tho",0.77533
"Tho",1.36997
"Tho",1.7598
"Tho",2.05744
"Tho",4.67351
"Tho",6.24142
"Tho",5.74098
"Tho",0.82193
"Tho",5.17861
"Tho",4.36734
"Tho",6.38325
"Tho",6.23275
"Tho",2.88729
"Tho",4.76514
"Tho",1.44441
"Tho",3.6109
"Tho",9.30068
"Tho",0.75246
"Tho",2.29778
"Tho",9.87608
"Tho",2.04846
"Tho",3.41827
"Tho",0.36049
"Tho",1.18739
"Tho",3.89319
"Tho",0.28486
"Tho",0.03518
"Tho",1.09336
"Tho",6.16369
"Tho",3.47952
"Tho",2.72003
"Tho",8.11953
"Tho",1.82995
"Tho",1.06941
"Tho",9.5498
"Tho",3.10669
"Tho",3.87989
"Tho",2.28527
"Tho",3.01911
"Tho",7.90268
"Tho",3.1377
"Tho",3.7572
"Tho",2.51639
"Tho",7.80877
"Tho",3.40017
"Tho",4.7597
"Tho",3.39541
"Tho",6.47493
"Tho",7.10093
"Tho",5.32796
"Tho",1.9977
"Tho",4.66573
"Tho",5.98172
"Tho",3.20622
"Tho",4.4792
"Tho",4.34645
"Tho",5.93527
"Tho",1.67211
"Tho",6.23021
"Tho",8.65853
"Tho",11.8872
"Tho",4.97892
"Tho",5.60715
"Tho",3.40415
"Tho",8.56314
"Tho",3.62388
"Tho",5.37521
"Tho",3.57457
"Tho",6.54957
"Tho",4.23481
"Tho",4.78007
"Tho",2.78136
"Tho",5.14909
"Tho",7.86704
"Tho",3.42007
"Tho",3.03213
"Tho",7.39328
"Tho",8.59597
"Tho",3.3107
"Tho",3.39223
"Tho",0.67743
"Tho",3.22827
"Tho",4.49019
"Tho",1.27522
"Tho",4.87123
"Tho",1.2749
"Tho",4.69162
"Tho",4.86279
"Tho",0.71592
"Tho",2.88364
"Tho",0.30061
"Tho",3.57298
"Tho",2.66256
"Tho",2.44744
"Tho",0.92339
"Tho",1.29267
"Tho",0.49936
"Tho",3.86206
"Tho",8.99772
"Tho",6.02999
"Tho",4.60971
"Tho",5.71721
"Tho",0.74155
"Tho",1.64644
"Tho",5.14161
"Tho",3.56974
"Tho",1.35943
"Tho",2.45661
"Tho",3.22452
"Tho",4.32221
"Tho",4.3697
"Tho",3.85811
"Tho",9.65078
"Tho",3.66596
"Tho",8.29581
"Tho",3.79199
"Tho",1.93267
"Tho",3.84351
"Tho",4.03614
"Tho",5.71195
"Tho",2.51901
"Tho",1.31411
"Tho",4.36505
"Tho",12.06711
"Tho",6.92762
"Tho",0.85244
"Tho",5.13815
"Tho",8.88317
"Tho",3.60355
"Tho",3.70199
"Tho",2.04921
"Tho",0.34535
"Tho",5.0375
"Tho",8.71753
"Tho",7.7449
"Tho",0.68436
"Tho",0.8536
"Tho",4.38585
"Tho",1.67699
"Tho",1.74572
"Tho",5.21522
"Tho",3.52789
"Tho",5.50628
"Tho",2.39882
"Tho",4.25042
"Tho",5.51215
"Tho",3.98755
"Tho",2.96998
"Tho",3.51738
"Tho",6.7432
"Tho",3.59553
"Tho",2.80016
"Tho",2.6152
"Tho",2.32377
"Tho",1.71279
"Tho",1.18508
"Tho",5.36325
"Tho",8.14752
"Tho",6.27926
"Tho",5.57866
"Tho",3.76655
"Tho",3.13389
"Tho",4.76223
"Tho",1.80228
"Tho",2.57611
"Tho",2.80068
"Tho",6.23859
"Tho",2.389
"Tho",1.72264
"Tho",2.25089
"Tho",5.03162
"Tho",0.96187
"Tho",0.54641
"Tho",2.57947
"Tho",4.94067
"Tho",4.95812
"Tho",2.237
"Tho",0.32348
"Tho",3.94355
"Tho",7.64291
"Tho",3.82886
"Tho",9.0367
"Tho",0.3173
"Tho",0.44102
"Tho",1.51563
"Tho",0.20021
"Tho",3.28205
"Tho",1.23016
"Tho",0.90223
"Tho",0.49351
"Tho",4.27911
"Tho",7.59463
"Tho",2.64517
"Tho",2.01022
"Tho",1.29498
"Tho",7.42713
"Tho",1.22517
"Tho",2.20646
"Tho",1.16967
"Tho",1.71739
"Tho",3.32743
"Tho",7.9123
"Tho",4.17632
"Tho",2.98643
"Tho",6.3159
"Tho",4.22255
"Tho",1.55846
"Tho",7.58922
"Tho",5.34673
"Tho",1.75508
"Tho",4.04125
"Tho",0.79242
"Tho",6.94045
"Tho",3.97533
"Tho",0.21767
"Tho",4.5271
"Tho",4.08674
"Tho",6.02407
"Tho",9.49427
"Tho",5.46818
"Tho",0.03227
"Tho",3.25393
"Tho",3.91685
"Tho",0.4972
"Tho",9.90658
"Tho",8.0404
"Tho",3.40584
"Tho",0.97132
"Tho",1.44724
"Tho",3.14112
"Tho",3.1083
"Tho",1.67288
"Tho",1.61037
"Tho",2.51891
"Tho",1.19855
"Tho",6.9679
"Tho",3.72756
"Tho",0.50907
"Tho",0.67616
"Tho",3.19537
"Tho",1.83624
"Tho",8.06518
"Tho",4.69406
"Tho",1.97713
"Tho",0.81094
"Tho",0.9631
"Tho",1.16315
"Tho",9.25784
"Tho",10.47085
"Tho",5.54843
"Tho",5.10906
"Tho",5.74718
"Tho",9.17607
"Tho",5.77315
"Tho",4.97302
"Tho",8.43011
"Tho",3.79564
"Tho",5.86846
"Tho",6.23068
"Tho",4.92113
"Tho",7.33836
"Tho",5.57578
"Tho",9.781
"Tho",2.55052
"Tho",2.37366
"Tho",5.84181
"Tho",1.25802
"Tho",13.60006
"Tho",3.14696
"Tho",10.07194
"Tho",13.65696
"Tho",2.52153
"Tho",9.3927
"Tho",0.10993
"Tho",2.42647
"Tho",6.66593
"Tho",0.9108
"Tho",4.1232
"Tho",6.14663
"Tho",8.67019
"Tho",3.99941
"Tho",3.83293
"Tho",8.94841
"Tho",4.87334
"Tho",3.13299
"Tho",7.8337
"Tho",3.61462
"Tho",3.84608
"Tho",4.11919
"Tho",2.37836
"Tho",6.69506
"Tho",4.79559
"Tho",4.42803
"Tho",1.18053
"Tho",1.82727
"Tho",9.92735
"Tho",4.16872
"Tho",3.47533
"Tho",5.42793
"Tho",1.78607
"Tho",3.44709
"Tho",3.31988
"Tho",3.28632
"Tho",0.88689
"Tho",0.92405
"Tho",5.21369
"Tho",2.78112
"Tho",3.14669
"Tho",7.21697
"Tho",3.64394
"Tho",3.13457
"Tho",2.19487
"Tho",2.24218
"Tho",6.1061
"Tho",3.11453
"Tho",2.95346
"Tho",5.48315
"Tho",3.58094
"Tho",3.45829
"Tho",4.1354
"Tho",2.27024
"Tho",0.36042
"Tho",0.07746
"Tho",0.97763
"Tho",7.43309
"Tho",4.49792
"Tho",5.26173
"Tho",3.51328
"Tho",2.6427
"Tho",8.0972
"Tho",7.50258
"Tho",5.16257
"Tho",4.59279
"Tho",1.78078
"Tho",6.78614
"Tho",7.61643
"Tho",4.48012
"Tho",2.92912
"Tho",2.39735
"Tho",7.25078
"Tho",4.54403
"Tho",3.56128
"Tho",2.61724
"Tho",0.59514
"Tho",7.89826
"Tho",6.78215
"Tho",2.73987
"Tho",4.2504
"Tho",1.18089
"Tho",6.07561
"Tho",4.33618
"Tho",1.82898
"Tho",5.28748
"Tho",4.76693
"Tho",5.4227
"Tho",6.84996
"Tho",2.03638
"Tho",1.85808
"Tho",3.36708
"Tho",7.24353
"Tho",3.87591
"Tho",3.9208
"Tho",0.83107
"Tho",0.825
"Tho",2.90523
"Tho",5.52592
"Tho",4.4081
"Tho",5.14733
"Tho",0.20379
"Tho",0.62391
"Tho",2.76408
"Tho",5.30899
"Tho",7.91471
"Tho",3.56236
"Tho",0.31427
"Tho",0.29712
"Tho",2.95511
"Tho",6.23541
"Tho",10.73044
"Tho",4.1361
"Tho",4.52948
"Tho",9.92333
"Tho",5.72379
"Tho",12.21557
"Tho",3.79618
"Tho",4.91059
"Tho",4.88006
"Tho",8.45643
"Tho",1.96226
"Tho",5.16
"Tho",3.14642
"Tho",1.47068
"Tho",7.04161
"Tho",2.33627
"Tho",1.90784
"Tho",5.55668
"Tho",5.90113
"Tho",1.89312
"Tho",4.17188
"Tho",1.5841
"Tho",2.88889
"Tho",6.48122
"Tho",4.09474
"Tho",3.60391
"Tho",5.33855
"Tho",6.86489
"Tho",2.77563
"Tho",4.97892
"Tho",2.76436
"Tho",6.41192
"Tho",4.1855
"Tho",2.75968
"Tho",6.83569
"Tho",0.5839
"Tho",2.21617
"Tho",4.8188
"Tho",3.50962
"Tho",2.33187
"Tho",7.30058
"Tho",0.84458
"Tho",2.57958
"Tho",4.91339
"Tho",5.48205
"Tho",3.9983
"Tho",4.93731
"Tho",0.36592
"Tho",0.33681
"Tho",4.22061
"Tho",4.74537
"Tho",5.20905
"Tho",3.6163
"Tho",0.37958
"Tho",3.12844
"Tho",4.44583
"Tho",1.92488
"Tho",1.08217
"Tho",0.82441
"Tho",3.13926
"Tho",4.4395
"Tho",1.6439
"Tho",8.10085
"Tho",6.85767
"Tho",6.87829
"Tho",1.26336
"Tho",4.08469
"Tho",4.95105
"Tho",6.8609
"Tho",3.16038
"Tho",1.17138
"Tho",0.77502
"Tho",4.90513
"Tho",7.02331
"Tho",5.3251
"Tho",3.05362
"Tho",0.74344
"Tho",0.71124
"Tho",4.05648
"Tho",8.02455
"Tho",4.39059
"Tho",1.43888
"Tho",4.53351
"Tho",1.25492
"Tho",1.38937
"Tho",3.06683
"Tho",1.1948
"Tho",9.52763
"Tho",2.74251
"Tho",4.39483
"Tho",1.91052
"Tho",4.11416
"Tho",6.84873
"Tho",1.64511
"Tho",6.59512
"Tho",8.0577
"Tho",2.21134
"Tho",0.78757
"Tho",4.19084
"Tho",4.03124
"Tho",1.25236
"Tho",1.03222
"Tho",1.86067
"Tho",9.16282
"Tho",2.99056
"Tho",6.27942
"Tho",8.89891
"Tho",2.38791
"Tho",9.35102
"Tho",9.49306
"Tho",2.0884
"Tho",2.40674
"Tho",2.36423
"Tho",0.09477
"Tho",7.32751
"Tho",5.50136
"Tho",8.6182
"Tho",8.20971
"Tho",3.21642
"Tho",10.22026
"Tho",8.16176
"Tho",0.74417
"Tho",1.06519
"Tho",7.03522
"Tho",5.15025
"Tho",3.84245
"Tho",7.3808
"Tho",2.90852
"Tho",8.6436
"Tho",7.48152
"Tho",1.42981
"Tho",1.28268
"Tho",1.25498
"Tho",2.07148
"Tho",7.50674
"Tho",4.67834
"Tho",2.3462
"Tho",4.73096
"Tho",1.69662
"Tho",8.89964
"Tho",7.17508
"Tho",2.7206
"Tho",2.52228
"Tho",2.54314
"Tho",1.02836
"Tho",8.02059
"Tho",5.58394
"Tho",4.08863
"Tho",8.29251
"Tho",7.54664
"Tho",9.10804
"Tho",8.99396
"Tho",0.12662
"Tho",1.59927
"Tho",6.49685
"Tho",4.41827
"Tho",2.62505
"Tho",4.97942
"Tho",7.99854
"Tho",1.84032
"Tho",6.43664
"Tho",2.25867
"Tho",1.83907
"Tho",1.87438
"Tho",0.65938
"Tho",2.34114
"Tho",8.95945
"Tho",5.06279
"Tho",2.36619
"Tho",4.8648
"Tho",7.27874
"Tho",2.05122
"Tho",7.26524
"Tho",2.12328
"Tho",0.29069
"Tho",3.5504
"Tho",3.39504
"Tho",0.68556
"Tho",0.54606
"Tho",2.37808
"Tho",1.50297
"Tho",0.33285
"Tho",3.1152
"Tho",1.03594
"Tho",6.32657
"Tho",5.69477
"Tho",7.98328
"Tho",2.65385
"Tho",4.12781
"Tho",7.79893
"Tho",2.66495
"Tho",3.05256
"Tho",1.9251
"Tho",0.09808
"Tho",0.60609
"Tho",0.14872
"Tho",1.95147
"Tho",3.95892
"Tho",5.65584
"Tho",4.07309
"Tho",3.94805
"Tho",6.29417
"Tho",9.90386
"Tho",4.67754
"Tho",4.44049
"Tho",8.55671
"Tho",3.64611
"Tho",2.29174
"Tho",0.91633
"Tho",0.00178
"Tho",1.18169
"Tho",3.08876
"Tho",5.54997
"Tho",4.03757
"Tho",4.17716
"Tho",7.39826
"Tho",9.42389
"Tho",5.73349
"Tho",6.06809
"Tho",8.13514
"Tho",3.2745
"Tho",2.84763
"Tho",1.77841
"Tho",0.19755
"Tho",0.65116
"Tho",0.32252
"Tho",1.99759
"Tho",3.78973
"Tho",5.54363
"Tho",4.10182
"Tho",4.07023
"Tho",8.09149
"Tho",6.55033
"Tho",4.92416
"Tho",4.73903
"Tho",8.35553
"Tho",3.66727
"Tho",1.01984
"Tho",0.17135
"Tho",0.61053
"Tho",0.83569
"Tho",2.58718
"Tho",4.05081
"Tho",5.5708
"Tho",5.69623
"Tho",1.92437
"Tho",5.43519
"Tho",5.66793
"Tho",7.00333
"Tho",4.20284
"Tho",5.50212
"Tho",1.88201
"Tho",2.01718
"Tho",0.34628
"Tho",0.32886
"Tho",2.46272
"Tho",5.46346
"Tho",3.77329
"Tho",4.28008
"Tho",7.37818
"Tho",8.57787
"Tho",9.63793
"Tho",6.00986
"Tho",8.31577
"Tho",3.11978
"Tho",3.1018
"Tho",1.9503
"Tho",0.25539
"Tho",1.33781
"Tho",3.22579
"Tho",5.09683
"Tho",3.52916
"Tho",4.58283
"Tho",8.05734
"Tho",6.51716
"Tho",9.63019
"Tho",4.4588
"Tho",4.71269
"Tho",3.87367
"Tho",3.55255
"Tho",1.30675
"Tho",2.80998
"Tho",6.39163
"Tho",3.49417
"Tho",5.11499
"Tho",11.21432
"Tho",8.56832
"Tho",13.8058
"Tho",4.98157
"Tho",5.77495
"Tho",12.65262
"Tho",1.07284
"Tho",4.63354
"Tho",10.02769
"Tho",1.49095
"Tho",10.10842
"Tho",6.31371
"Tho",7.41173
"Tho",12.30684
"Tho",2.46852
"Tho",7.10706
"Tho",3.58255
"Tho",8.77796
"Tho",3.49909
"Tho",10.7654
"Tho",8.51312
"Tho",3.41636
"Tho",2.99311
"Tho",4.2041
"Tho",3.31257
"Tho",3.92545
"Tho",2.29021
"Tho",0.81981
"Tho",0.70526
"Tho",7.07156
"Tho",4.70913
"Tho",3.01225
"Tho",2.47757
"Tho",3.26168
"Tho",0.55355
"Tho",0.98916
"Tho",4.55722
"Tho",4.18375
"Tho",0.77522
"Tho",1.32445
"Tho",7.41878
"Tho",2.0409
"Tho",3.34474
"Tho",6.3168
"Tho",2.73153
"Tho",6.48628
"Tho",5.11491
"Tho",1.76537
"Tho",2.5579
"Tho",3.28162
"Tho",3.78749
"Tho",2.29143
"Tho",3.72793
"Tho",1.74692
"Tho",1.62331
"Tho",5.06708
"Tho",4.22937
"Tho",1.6686
"Tho",9.58268
"Tho",0.60435
"Tho",1.64917
"Tho",1.58792
"Tho",6.5222
"Tho",5.25347
"Tho",1.95537
"Tho",11.42201
"Tho",0.93078
"Tho",1.0555
"Tho",5.6172
"Tho",5.42069
"Tho",2.40877
"Tho",10.85446
"Tho",5.04268
"Tho",4.59096
"Tho",5.48101
"Tho",10.236
"Tho",3.18515
"Tho",2.38911
"Tho",5.02288
"Tho",4.65128
"Tho",4.2838
"Tho",1.77536
"Tho",0.34062
"Tho",2.92289
"Tho",5.02084
"Tho",2.40109
"Tho",2.72064
"Tho",2.6107
"Tho",0.84289
"Tho",8.73189
"Tho",5.81265
"Tho",2.60109
"Tho",1.8924
"Tho",3.36572
"Tho",5.32782
"Tho",2.06467
"Tho",0.97876
"Tho",3.18184
"Tho",2.43388
"Tho",2.16789
"Tho",2.8077
"Tho",1.01812
"Tho",1.07856
"Tho",2.2274
"Tho",0.1638
"Tho",7.8548
"Tho",4.54317
"Tho",4.53108
"Tho",3.07724
"Tho",5.38072
"Tho",1.09765
"Tho",0.43001
"Tho",2.25088
"Tho",11.16219
"Tho",0.31856
"Tho",0.34254
"Tho",2.58908
"Tho",3.12534
"Tho",6.58004
"Tho",2.96145
"Tho",7.34565
"Tho",4.00299
"Tho",8.35813
"Tho",3.57609
"Tho",7.25097
"Tho",0.16201
"Tho",3.0454
"Tho",3.02021
"Tho",3.54848
"Tho",5.17207
"Tho",2.10798
"Tho",2.39729
"Tho",2.26015
"Tho",6.20643
"Tho",4.33538
"Tho",1.17309
"Tho",3.81
"Tho",2.93632
"Tho",5.7962
"Tho",2.77783
"Tho",0.7204
"Tho",1.17521
"Tho",1.52369
"Tho",1.67881
"Tho",1.39472
"Tho",8.70905
"Tho",7.95018
"Tho",0.79896
"Tho",11.10852
"Tho",9.3763
"Tho",2.89422
"Tho",1.72797
"Tho",9.31215
"Tho",3.50821
"Tho",2.76535
"Tho",7.12745
"Tho",2.69351
"Tho",3.55614
"Tho",6.51013
"Tho",4.60184
"Tho",2.90577
"Tho",2.0639
"Tho",4.74424
"Tho",1.10462
"Tho",5.2288
"Tho",0.29979
"Tho",0.9175
"Tho",4.50478
"Tho",1.94401
"Tho",3.95769
"Tho",3.2868
"Tho",0.29665
"Tho",0.4533
"Tho",1.87401
"Tho",4.54219
"Tho",1.1698
"Tho",0.58408
"Tho",6.16008
"Tho",7.71677
"Tho",4.24723
"Tho",8.00383
"Tho",4.36439
"Tho",6.56547
"Tho",4.8226
"Tho",6.61078
"Tho",2.20665
"Tho",2.24237
"Tho",6.57886
"Tho",8.21119
"Tho",6.31383
"Tho",1.95004
"Tho",7.13905
"Tho",9.50562
"Tho",5.33208
"Tho",2.64892
"Tho",1.18443
"Tho",6.32321
"Tho",11.67252
"Tho",6.0583
"Tho",9.74477
"Tho",5.76481
"Tho",3.07385
"Tho",2.8518
"Tho",7.08015
"Tho",8.19323
"Tho",2.38348
"Tho",8.38062
"Tho",7.2901
"Tho",2.28588
"Tho",5.46411
"Tho",8.5657
"Tho",3.80385
"Tho",2.58598
"Tho",9.0866
"Tho",10.00974
"Tho",3.04247
"Tho",0.26626
"Tho",1.94406
"Tho",6.55519
"Tho",2.90426
"Tho",0.37755
"Tho",0.31002
"Tho",2.54186
"Tho",7.78047
"Tho",3.14494
"Tho",0.6508
"Tho",2.72559
"Tho",12.16078
"Tho",11.09475
"Tho",6.66849
"Tho",2.53354
"Tho",3.32409
"Tho",8.13233
"Tho",3.22938
"Tho",6.40071
"Tho",4.48666
"Tho",2.65052
"Tho",0.50119
"Tho",3.57037
"Tho",2.58994
"Tho",4.0616
"Tho",7.14076
"Tho",2.55548
"Tho",5.23134
"Tho",4.68591
"Tho",0.48806
"Tho",3.58038
"Tho",1.59869
"Tho",2.59838
"Tho",4.9611
"Tho",2.7537
"Tho",11.55146
"Tho",1.04155
"Tho",5.43126
"Tho",8.57199
"Tho",0.685
"Tho",6.60755
"Tho",3.21042
"Tho",0.16049
"Tho",1.87358
"Tho",1.60265
"Tho",3.65745
"Tho",1.29452
"Tho",4.398
"Tho",0.66793
"Tho",2.616
"Tho",2.93872
"Tho",1.04903
"Tho",2.94777
"Tho",1.39376
"Tho",2.41465
"Tho",3.96003
"Tho",3.34427
"Tho",2.70849
"Tho",1.82589
"Tho",4.33267
"Tho",6.86531
"Tho",1.17458
"Tho",5.55706
"Tho",3.10042
"Tho",2.48037
"Tho",3.66594
"Tho",0.78001
"Tho",1.06406
"Tho",4.72317
"Tho",3.74818
"Tho",1.48171
"Tho",3.57511
"Tho",5.45743
"Tho",2.95792
"Tho",3.03062
"Tho",8.15038
"Tho",2.72573
"Tho",5.50279
"Tho",0.27769
"Tho",3.95322
"Tho",1.7329
"Tho",4.00908
"Tho",9.34496
"Tho",6.35977
"Tho",0.60837
"Tho",7.34391
"Tho",3.10862
"Tho",11.25874
"Tho",6.60497
"Tho",2.87244
"Tho",8.27766
"Tho",1.9698
"Tho",3.06065
"Tho",5.05805
"Tho",4.78246
"Tho",5.52271
"Tho",1.96418
"Tho",2.63081
"Tho",7.41103
"Tho",5.31293
"Tho",5.65269
"Tho",0.16997
"Tho",0.36971
"Tho",0.1342
"Tho",0.81715
"Tho",5.00471
"Tho",3.7946
"Tho",2.66933
"Tho",2.61187
"Tho",3.79674
"Tho",9.31819
"Tho",6.50937
"Tho",4.30382
"Tho",4.40547
"Tho",1.21762
"Tho",2.37518
"Tho",2.26827
"Tho",1.65416
"Tho",6.27493
"Tho",0.52354
"Tho",2.67368
"Tho",1.39313
"Tho",7.25186
"Tho",4.07311
"Tho",1.1655
"Tho",0.85397
"Tho",2.78197
"Tho",5.05793
"Tho",0.63566
"Tho",6.56347
"Tho",8.54355
"Tho",5.03205
"Tho",0.7491
"Tho",1.88996
"Tho",1.82085
"Tho",1.72796
"Tho",5.28951
"Tho",2.00032
"Tho",7.55215
"Tho",1.88851
"Tho",5.02538
"Tho",0.27799
"Tho",1.65614
"Tho",1.73622
"Tho",1.60339
"Tho",5.79162
"Tho",1.72081
"Tho",8.32449
"Tho",2.1829
"Tho",9.86231
"Tho",6.13613
"Tho",2.26534
"Tho",5.4449
"Tho",7.22907
"Tho",2.62307
"Tho",0.96357
"Tho",1.20013
"Tho",0.3072
"Tho",5.60387
"Tho",2.61619
"Tho",2.31286
"Tho",1.49094
"Tho",2.37303
"Tho",4.84757
"Tho",4.8774
"Tho",3.89342
"Tho",2.1933
"Tho",0.97929
"Tho",0.65787
"Tho",2.82607
"Tho",0.26065
"Tho",1.84447
"Tho",5.40717
"Tho",11.65342
"Tho",3.91189
"Tho",1.17554
"Tho",1.71193
"Tho",2.53757
"Tho",5.26592
"Tho",10.24759
"Tho",4.30935
"Tho",0.32274
"Tho",0.59688
"Tho",0.05919
"Tho",10.75541
"Tho",2.08072
"Tho",4.18083
"Tho",2.4356
"Tho",4.76038
"Tho",0.41648
"Tho",2.43507
"Tho",1.35412
"Tho",2.31627
"Tho",1.43254
"Tho",2.75216
"Tho",0.22669
"Tho",0.98095
"Tho",0.36144
"Tho",3.98602
"Tho",7.38297
"Tho",5.16578
"Tho",0.8447
"Tho",0.01126
"Tho",2.53878
"Tho",1.34641
"Tho",0.88989
"Tho",8.90713
"Tho",7.927
"Tho",4.21605
"Tho",1.9352
"Tho",0.73428
"Tho",2.08804
"Tho",0.93378
"Tho",0.35213
"Tho",1.27172
"Tho",0.41202
"Tho",9.19452
"Tho",4.41783
"Tho",4.88499
"Tho",1.15718
"Tho",0.09558
"Tho",2.16286
"Tho",1.00079
"Tho",11.96893
"Tho",4.37147
"Tho",9.08836
"Tho",2.48513
"Tho",0.92471
"Tho",5.28673
"Tho",12.20394
"Tho",2.28843
"Tho",11.94467
"Tho",2.25839
"Tho",5.10648
"Tho",2.76488
"Tho",2.22498
"Tho",3.67894
"Tho",0.34272
"Tho",2.63971
"Tho",5.70016
"Tho",7.19877
"Tho",5.44122
"Tho",7.00655
"Tho",3.95263
"Tho",2.76026
"Tho",5.01978
"Tho",10.35259
"Tho",7.6611
"Tho",10.06491
"Tho",8.72288
"Tho",11.19537
"Tho",2.73345
"Tho",2.22916
"Tho",3.27357
"Tho",7.45323
"Tho",2.5542
"Tho",8.8559
"Tho",5.5567
"Tho",7.82872
"Tho",2.61161
"Tho",2.31003
"Tho",3.06635
"Tho",6.4198
"Tho",2.28865
"Tho",6.04002
"Tho",4.89704
"Tho",7.14547
"Tho",3.42887
"Tho",2.81789
"Tho",4.31673
"Tho",7.81682
"Tho",3.19522
"Tho",6.10511
"Tho",7.88869
"Tho",8.57419
"Tho",3.48641
"Tho",3.27561
"Tho",4.07457
"Tho",0.5156
"Tho",6.14554
"Tho",2.50381
"Tho",5.25158
"Tho",7.02787
"Tho",5.23499
"Tho",7.14916
"Tho",7.59975
"Tho",2.62015
"Tho",5.49534
"Tho",6.25664
"Tho",3.4658
"Tho",5.88422
"Tho",6.3022
"Tho",2.02352
"Tho",3.90311
"Tho",6.71661
"Tho",3.89317
"Tho",3.93646
"Tho",6.15529
"Tho",5.0348
"Tho",6.515
"Tho",1.44089
"Tho",4.79504
"Tho",3.96809
"Tho",3.39077
"Tho",2.52305
"Tho",10.4189
"Tho",4.71946
"Tho",0.91418
"Tho",3.93958
"Tho",11.69469
"Tho",0.12236
"Tho",10.80287
"Tho",8.99712
"Tho",2.16626
"Tho",2.49464
"Tho",0.68799
"Tho",7.74098
"Tho",2.5777
"Tho",3.34046
"Tho",5.90732
"Tho",4.93127
"Tho",2.85416
"Tho",2.93201
"Tho",4.67677
"Tho",5.85942
"Tho",10.18443
"Tho",3.32609
"Tho",4.88683
"Tho",4.76417
"Tho",6.56422
"Tho",2.08686
"Tho",6.87605
"Tho",3.80198
"Tho",4.725
"Tho",1.38365
"Tho",3.10297
"Tho",1.51503
"Tho",2.52707
"Tho",0.28603
"Tho",2.38803
"Tho",0.60621
"Tho",3.00749
"Tho",2.0485
"Tho",1.17071
"Tho",5.68318
"Tho",3.4163
"Tho",1.41314
"Tho",2.41265
"Tho",2.41917
"Tho",2.04004
"Tho",0.91272
"Tho",10.40081
"Tho",3.35332
"Tho",2.56134
"Tho",1.65702
"Tho",11.86439
"Tho",6.3634
"Tho",0.19521
"Tho",1.66206
"Tho",1.09693
"Tho",7.12659
"Tho",3.54744
"Tho",1.35038
"Tho",1.11638
"Tho",1.60306
"Tho",8.0882
"Tho",2.24112
"Tho",11.24632
"Tho",0.90076
"Tho",8.25891
"Tho",1.56269
"Tho",6.98274
"Tho",0.79808
"Tho",0.75036
"Tho",5.59148
"Tho",4.05714
"Tho",1.60527
"Tho",2.47314
"Tho",1.50322
"Tho",7.99028
"Tho",1.28691
"Tho",7.98872
"Tho",2.68121
"Tho",3.13127
"Tho",10.25974
"Tho",5.74866
"Tho",2.70635
"Tho",3.56021
"Tho",3.0275
"Tho",7.10794
"Tho",1.29543
"Tho",3.99614
"Tho",3.48595
"Tho",2.82352
"Tho",1.60095
"Tho",3.26256
"Tho",2.73505
"Tho",3.00611
"Tho",8.53344
"Tho",1.2511
"Tho",2.38275
"Tho",1.64512
"Tho",11.79674
"Tho",3.22795
"Tho",10.91952
"Tho",0.12178
"Tho",2.94334
"Tho",0.16352
"Tho",12.01358
"Tho",2.99087
"Tho",10.94812
"Tho",0.95159
"Tho",2.71155
"Tho",1.59711
"Tho",7.51707
"Tho",2.23014
"Tho",2.41322
"Tho",0.76114
"Tho",1.72916
"Tho",1.3546
"Tho",0.9074
"Tho",2.1734
"Tho",4.13866
"Tho",2.96923
"Tho",1.25686
"Tho",2.74086
"Tho",4.14439
"Tho",8.50569
"Tho",6.93339
"Tho",2.19239
"Tho",4.62931
"Tho",0.19736
"Tho",2.23346
"Tho",1.40098
"Tho",4.75425
"Tho",1.14375
"Tho",4.41757
"Tho",0.99097
"Tho",0.24697
"Tho",0.95391
"Tho",2.742
"Tho",4.32386
"Tho",3.44783
"Tho",8.6601
"Tho",3.19676
"Tho",2.34933
"Tho",2.283
"Tho",5.58663
"Tho",5.15017
"Tho",4.54554
"Tho",7.89939
"Tho",3.63833
"Tho",2.2978
"Tho",1.93636
"Tho",5.0304
"Tho",5.97906
"Tho",6.61792
"Tho",9.23293
"Tho",4.2408
"Tho",1.02317
"Tho",3.85428
"Tho",0.97719
"Tho",0.30929
"Tho",1.47779
"Tho",3.77364
"Tho",5.86407
"Tho",4.49075
"Tho",3.60519
"Tho",1.08813
"Tho",5.67684
"Tho",4.15576
"Tho",7.03144
"Tho",3.90211
"Tho",9.45615
"Tho",7.16847
"Tho",0.31277
"Tho",0.60197
"Tho",3.67422
"Tho",3.99282
"Tho",2.48256
"Tho",1.65924
"Tho",2.56983
"Tho",0.23337
"Tho",7.26264
"Tho",5.58087
"Tho",3.00248
"Tho",5.4494
"Tho",7.03129
"Tho",6.08406
"Tho",1.16659
"Tho",2.69144
"Tho",3.73748
"Tho",5.44235
"Tho",2.51541
"Tho",0.24108
"Tho",2.74877
"Tho",1.90149
"Tho",6.41956
"Tho",3.3605
"Tho",6.99331
"Tho",4.45706
"Tho",4.67457
"Tho",1.15847
"Tho",1.09059
"Tho",3.15573
"Tho",2.28905
"Tho",3.43147
"Tho",3.4279
"Tho",4.23928
"Tho",3.32471
"Tho",5.07215
"Tho",3.69147
"Tho",4.55378
"Tho",1.65989
"Tho",6.86882
"Tho",1.81228
"Tho",10.15995
"Tho",5.66143
"Tho",9.68553
"Tho",4.10355
"Tho",3.09155
"Tho",6.18854
"Tho",5.38729
"Tho",8.63803
"Tho",3.30164
"Tho",9.42762
"Tho",5.17389
"Tho",7.05126
"Tho",9.85918
"Tho",0.01413
"Tho",4.97009
"Tho",5.06737
"Tho",1.38927
"Tho",4.24781
"Tho",7.00542
"Tho",4.37001
"Tho",6.96064
"Tho",2.98758
"Tho",6.7027
"Tho",8.93591
"Tho",4.90304
"Tho",7.31946
"Tho",2.73955
"Tho",7.24943
"Tho",5.86036
"Tho",2.14995
"Tho",9.6378
"Tho",9.10884
"Tho",1.35675
"Tho",2.83692
"Tho",2.43079
"Tho",6.05061
"Tho",8.51844
"Tho",1.65735
"Tho",2.98957
"Tho",1.07838
"Tho",4.78564
"Tho",7.1288
"Tho",2.328
"Tho",3.35121
"Tho",3.95608
"Tho",7.69766
"Tho",12.92025
"Tho",3.81898
"Tho",5.63385
"Tho",9.45684
"Tho",12.66725
"Tho",2.601
"Tho",5.90621
"Tho",6.41624
"Tho",7.93413
"Tho",3.33059
"Tho",7.92283
"Tho",8.26343
"Tho",7.84501
"Tho",3.18292
"Tho",6.90483
"Tho",6.6292
"Tho",6.92012
"Tho",3.12797
"Tho",8.63056
"Tho",6.36153
"Tho",6.99488
"Tho",3.53705
"Tho",9.00181
"Tho",6.41304
"Tho",7.85597
"Tho",8.78844
"Tho",2.96489
"Tho",3.18723
"Tho",2.68019
"Tho",1.66921
"Tho",4.73542
"Tho",2.74347
"Tho",3.61443
"Tho",1.19982
"Tho",5.88901
"Tho",4.71197
"Tho",5.22068
"Tho",2.07149
"Tho",7.1497
"Tho",1.96938
"Tho",1.2797
"Tho",3.92589
"Tho",3.18497
"Tho",5.44745
"Tho",0.78439
"Tho",2.18916
"Tho",6.23727
"Tho",3.0901
"Tho",0.48205
"Tho",2.38247
"Tho",7.75588
"Tho",2.1817
"Tho",1.41199
"Tho",4.46397
"Tho",3.66074
"Tho",5.87444
"Tho",1.01867
"Tho",1.97535
"Tho",7.03396
"Tho",2.73331
"Tho",0.73696
"Tho",0.04409
"Tho",3.6638
"Tho",1.80374
"Tho",3.32797
"Tho",5.29894
"Tho",4.15623
"Tho",5.71313
"Tho",1.21167
"Tho",4.50592
"Tho",2.38084
"Tho",5.92901
"Tho",1.2684
"Tho",3.80136
"Tho",1.58909
"Tho",3.51257
"Tho",3.54315
"Tho",4.60929
"Tho",0.22315
"Tho",1.04546
"Tho",5.44413
"Tho",4.42564
"Tho",1.92105
"Tho",2.51434
"Tho",1.52134
"Tho",6.57871
"Tho",4.23106
"Tho",0.2127
"Tho",5.75028
"Tho",0.33558
"Tho",6.33154
"Tho",0.8444
"Tho",5.20611
"Tho",1.62819
"Tho",0.40128
"Tho",4.60004
"Tho",3.64304
"Tho",1.88541
"Tho",4.61291
"Tho",1.8051
"Tho",3.15681
"Tho",4.21364
"Tho",3.32509
"Tho",4.96717
"Tho",11.82562
"Tho",1.80082
"Tho",1.72743
"Tho",1.60225
"Tho",5.73467
"Tho",3.15757
"Tho",1.23798
"Tho",2.61128
"Tho",4.4103
"Tho",4.71699
"Tho",4.19692
"Tho",6.98262
"Tho",10.79281
"Tho",4.23645
"Tho",9.1513
"Tho",4.81615
"Tho",6.21479
"Tho",10.70445
"Tho",5.89918
"Tho",0.43094
"Tho",0.25891
"Tho",4.41773
"Tho",3.52254
"Tho",4.27415
"Tho",5.551
"Tho",4.63488
"Tho",10.2048
"Tho",6.53195
"Tho",0.25098
"Tho",0.55396
"Tho",3.5967
"Tho",3.11467
"Tho",0.12449
"Tho",0.16999
"Tho",3.83118
"Tho",0.60535
"Tho",2.64769
"Tho",0.04484
"Tho",6.44103
"Tho",3.10497
"Tho",8.18421
"Tho",7.05802
"Tho",1.045
"Tho",6.98447
"Tho",0.6454
"Tho",4.72159
"Tho",1.84363
"Tho",0.63565
"Tho",2.59811
"Tho",4.00563
"Tho",5.43548
"Tho",2.9167
"Tho",0.35884
"Tho",3.81562
"Tho",6.82136
"Tho",12.51671
"Tho",3.63224
"Tho",1.10102
"Tho",6.41004
"Tho",7.42149
"Tho",5.84643
"Tho",3.01902
"Tho",0.67583
"Tho",1.58042
"Tho",5.83401
"Tho",5.37464
"Tho",1.59642
"Tho",5.6561
"Tho",5.44458
"Tho",0.29212
"Tho",1.7482
"Tho",4.83596
"Tho",1.33746
"Tho",1.4744
"Tho",2.79758
"Tho",2.92313
"Tho",2.12158
"Tho",4.48367
"Tho",7.35304
"Tho",7.70924
"Tho",7.26205
"Tho",7.83314
"Tho",12.49583
"Tho",1.43616
"Tho",2.93119
"Tho",2.84619
"Tho",6.85803
"Tho",7.01124
"Tho",5.984
"Tho",8.11858
"Tho",1.4548
"Tho",2.3792
"Tho",2.26463
"Tho",5.20462
"Tho",7.69057
"Tho",4.16656
"Tho",7.51014
"Tho",1.10793
"Tho",2.04297
"Tho",2.05879
"Tho",5.13511
"Tho",7.42205
"Tho",3.99635
"Tho",6.75535
"Tho",1.6266
"Tho",0.54933
"Tho",3.34049
"Tho",2.18247
"Tho",4.30733
"Tho",3.95188
"Tho",3.92757
"Tho",6.83277
"Tho",2.88603
"Tho",1.46528
"Tho",3.84798
"Tho",2.59468
"Tho",4.35513
"Tho",5.30859
"Tho",4.94783
"Tho",5.09216
"Tho",0.74667
"Tho",3.72546
"Tho",8.50444
"Tho",1.55513
"Tho",9.38563
"Tho",9.49821
"Tho",0.92749
"Tho",8.89881
"Tho",3.94497
"Tho",4.11294
"Tho",6.59665
"Tho",4.85729
"Tho",0.10961
"Tho",0.92445
"Tho",3.3546
"Tho",2.09138
"Tho",2.16067
"Tho",7.91311
"Tho",2.26626
"Tho",2.2533
"Tho",6.51898
"Tho",1.78895
"Tho",0.75751
"Tho",5.76789
"Tho",0.13292
"Tho",1.40115
"Tho",5.39143
"Tho",1.95121
"Tho",0.79972
"Tho",2.5947
"Tho",5.74447
"Tho",4.35892
"Tho",3.12463
"Tho",3.47108
"Tho",10.90477
"Tho",3.60822
"Tho",3.4846
"Tho",13.69542
"Tho",6.32167
"Tho",4.30841
"Tho",14.61801
"Tho",5.86596
"Tho",4.13965
"Tho",0.21577
"Tho",0.75337
"Tho",3.03168
"Tho",7.73181
"Tho",3.91788
"Tho",0.22129
"Tho",11.13703
"Tho",10.76497
"Tho",3.26161
"Tho",7.66411
"Tho",2.90474
"Tho",2.91195
"Tho",1.22926
"Tho",0.64253
"Tho",12.41928
"Tho",2.81443
"Tho",9.3121
"Tho",2.23254
"Tho",5.63897
"Tho",7.07182
"Tho",0.2438
"Tho",0.2109
"Tho",1.33423
"Tho",2.94838
"Tho",4.80751
"Tho",3.90385
"Tho",7.10673
"Tho",2.40522
"Tho",5.00069
"Tho",1.986
"Tho",10.32106
"Tho",12.11125
"Tho",0.26094
"Tho",0.79705
"Tho",5.10755
"Tho",3.93427
"Tho",0.20889
"Tho",6.22803
"Tho",3.82336
"Tho",2.51322
"Tho",4.57346
"Tho",3.64491
"Tho",0.81675
"Tho",1.90801
"Tho",0.25273
"Tho",1.41632
"Tho",4.79744
"Tho",2.58376
"Tho",0.35995
"Tho",1.58684
"Tho",1.14399
"Tho",7.41347
"Tho",2.98975
"Tho",1.13665
"Tho",3.23747
"Tho",8.46205
"Tho",6.33644
"Tho",3.33891
"Tho",6.08382
"Tho",3.48516
"Tho",8.08129
"Tho",2.26665
"Tho",2.88449
"Tho",2.01217
"Tho",3.77518
"Tho",0.82274
"Tho",0.8435
"Tho",0.90502
"Tho",7.64867
"Tho",1.93675
"Tho",3.35981
"Tho",0.01157
"Tho",0.33746
"Tho",0.07881
"Tho",8.06469
"Tho",0.68234
"Tho",6.7647
"Tho",0.24788
"Tho",2.7508
"Tho",2.64946
"Tho",4.42324
"Tho",4.27063
"Tho",4.78859
"Tho",6.14095
"Tho",6.59976
"Tho",7.25963
"Tho",9.71352
"Tho",5.86204
"Tho",5.75069
"Tho",9.57053
"Tho",4.56811
"Tho",4.67565
"Tho",5.81562
"Tho",4.28914
"Tho",4.55786
"Tho",2.42392
"Tho",1.77396
"Tho",3.21746
"Tho",3.63308
"Tho",2.24228
"Tho",6.65715
"Tho",5.33117
"Tho",2.63068
"Tho",0.26298
"Tho",1.40609
"Tho",3.25773
"Tho",0.98508
"Tho",7.03622
"Tho",5.30251
"Tho",2.03324
"Tho",0.85634
"Tho",2.36063
"Tho",0.48145
"Tho",7.38946
"Tho",5.16707
"Tho",4.01519
"Tho",1.40058
"Tho",3.51921
"Tho",6.1052
"Tho",2.61873
"Tho",1.27997
"Tho",5.67228
"Tho",5.92081
"Tho",1.03024
"Tho",8.57182
"Tho",4.60966
"Tho",7.59574
"Tho",2.83153
"Tho",1.95123
"Tho",5.29936
"Tho",6.69788
"Tho",1.21328
"Tho",1.91375
"Tho",7.54083
"Tho",5.03494
"Tho",7.89095
"Tho",3.75656
"Tho",0.78212
"Tho",2.93672
"Tho",4.67803
"Tho",0.14094
"Tho",7.00508
"Tho",8.69743
"Tho",9.48412
"Tho",3.45404
"Tho",1.31898
"Tho",4.15035
"Tho",5.38152
"Tho",1.02285
"Tho",7.40256
"Tho",8.74168
"Tho",6.08227
"Tho",3.46699
"Tho",2.09228
"Tho",4.0997
"Tho",7.77281
"Tho",1.66909
"Tho",7.17873
"Tho",10.82606
"Tho",5.76249
"Tho",9.01919
"Tho",0.04374
"Tho",1.57479
"Tho",0.50106
"Tho",0.48023
"Tho",0.49067
"Tho",0.7773
"Tho",2.77903
"Tho",0.26543
"Tho",0.71972
"Tho",9.86065
"Tho",4.99822
"Tho",6.09031
"Tho",0.06793
"Tho",0.36969
"Tho",0.65385
"Tho",0.10118
"Tho",1.74943
"Tho",2.59362
"Tho",0.73028
"Tho",0.44716
"Tho",0.93056
"Tho",5.07399
"Tho",4.45992
"Tho",5.17904
"Tho",4.06735
"Tho",2.34981
"Tho",1.71193
"Tho",2.24203
"Tho",3.57193
"Tho",6.19399
"Tho",4.68901
"Tho",0.0514
"Tho",3.13535
"Tho",0.88747
"Tho",0.43608
"Tho",1.20114
"Tho",5.43609
"Tho",8.98365
"Tho",5.85654
"Tho",9.69788
"Tho",3.56937
"Tho",6.6341
"Tho",4.09714
"Tho",2.56447
"Tho",7.72463
"Tho",2.39744
"Tho",4.61047
"Tho",2.28975
"Tho",3.85165
"Tho",6.5279
"Tho",6.35015
"Tho",0.41396
"Tho",3.35983
"Tho",3.05388
"Tho",2.17873
"Tho",1.59851
"Tho",0.47529
"Tho",0.91972
"Tho",1.2468
"Tho",0.24265
"Tho",3.68178
"Tho",5.32622
"Tho",8.10942
"Tho",3.74705
"Tho",0.16609
"Tho",9.30579
"Tho",2.97229
"Tho",0.38468
"Tho",1.72925
"Tho",3.64219
"Tho",2.25677
"Tho",3.04426
"Tho",6.32951
"Tho",0.61903
"Tho",12.15158
"Tho",1.91799
"HC",0.96132
"HC",2.60076
"HC",0.79256
"HC",2.69788
"HC",0.65426
"HC",3.93598
"HC",4.54151
"HC",0.83373
"HC",0.53099
"HC",2.49643
"HC",0.25392
"HC",0.18224
"HC",0.12315
"HC",0.07135
"HC",5.26896
"HC",4.67517
"HC",0.06221
"HC",0.93305
"HC",1.19425
"HC",0.37101
"HC",2.84505
"HC",0.08915
"HC",4.20252
"HC",0.33941
"HC",3.23374
"HC",4.8517
"HC",1.31452
"HC",0.51851
"HC",3.9051
"HC",0.18932
"HC",0.46237
"HC",2.53485
"HC",1.62538
"HC",0.17127
"HC",2.26532
"HC",1.04612
"HC",1.80925
"HC",0.42184
"HC",0.37144
"HC",2.4238
"HC",1.32455
"HC",1.48978
"HC",4.35996
"HC",0.63926
"HC",2.78611
"HC",3.42618
"HC",0.9446
"HC",0.09744
"HC",3.72299
"HC",1.08026
"HC",1.55797
"HC",5.87303
"HC",0.68183
"HC",2.42109
"HC",2.13738
"HC",3.4736
"HC",0.93048
"HC",1.65174
"HC",0.86439
"HC",0.8073
"HC",3.62503
"HC",1.3023
"HC",1.8843
"HC",3.05687
"HC",0.50691
"HC",1.95724
"HC",0.12086
"HC",1.78209
"HC",1.18513
"HC",0.12592
"HC",0.13707
"HC",0.06115
"HC",0.7749
"HC",0.36927
"HC",2.48806
"HC",2.83928
"HC",1.79594
"HC",1.97126
"HC",3.75483
"HC",5.20103
"HC",3.29666
"HC",0.45931
"HC",1.37402
"HC",0.61914
"HC",0.6688
"HC",0.65246
"HC",3.55852
"HC",0.05027
"HC",1.05724
"HC",0.39198
"HC",0.37174
"HC",0.02094
"HC",1.59309
"HC",1.67116
"HC",6.04507
"HC",1.27868
"HC",3.71387
"HC",0.23856
"HC",0.23559
"HC",1.23167
"HC",1.58364
"HC",0.66017
"HC",2.81879
"HC",1.69926
"HC",4.58911
"HC",0.23268
"HC",3.32611
"HC",1.73558
"HC",2.88607
"HC",0.56058
"HC",0.93726
"HC",2.98347
"HC",3.46154
"HC",0.49223
"HC",0.80734
"HC",0.41403
"HC",0.18432
"HC",0.77426
"HC",0.33955
"HC",1.15333
"HC",0.11087
"HC",1.15116
"HC",4.48842
"HC",0.15852
"HC",0.31166
"HC",0.51342
"HC",3.41503
"HC",0.85472
"HC",1.33315
"HC",2.27428
"HC",0.80132
"HC",0.45714
"HC",0.88777
"HC",3.36102
"HC",0.18874
"HC",4.22029
"HC",0.10942
"HC",0.13074
"HC",0.23018
"HC",0.75025
"HC",5.97233
"HC",0.83036
"HC",1.02516
"HC",2.48975
"HC",1.14666
"HC",0.55354
"HC",1.45451
"HC",1.32424
"HC",0.29398
"HC",4.01175
"HC",5.31542
"HC",1.76757
"HC",3.19459
"HC",3.83025
"HC",0.84904
"HC",0.38038
"HC",0.88624
"HC",0.5736
"HC",1.33849
"HC",1.68682
"HC",0.41716
"HC",1.02702
"HC",0.27676
"HC",1.93557
"HC",2.00897
"HC",2.57075
"HC",0.21248
"HC",1.39475
"HC",1.52669
"HC",3.59217
"HC",0.22084
"HC",1.63141
"HC",0.1737
"HC",1.36851
"HC",0.07851
"HC",2.35347
"HC",3.64508
"HC",5.0545
"HC",1.95913
"HC",2.12312
"HC",2.32438
"HC",3.30549
"HC",3.08108
"HC",3.94761
"HC",0.35121
"HC",4.70628
"HC",0.56471
"HC",3.50049
"HC",1.77106
"HC",2.38862
"HC",0.58754
"HC",1.587
"HC",2.62107
"HC",2.98043
"HC",0.12321
"HC",2.24089
"HC",2.38789
"HC",2.23139
"HC",6.18025
"HC",0.89532
"HC",2.3058
"HC",0.31865
"HC",0.73568
"HC",1.44624
"HC",4.11407
"HC",0.5525
"HC",5.90022
"HC",0.37545
"HC",1.7939
"HC",0.47317
"HC",0.28899
"HC",4.13859
"HC",0.05195
"HC",0.17054
"HC",0.03488
"HC",3.01677
"HC",0.06588
"HC",0.06218
"HC",0.04481
"HC",1.6366
"HC",1.38587
"HC",1.98693
"HC",3.65901
"HC",2.28154
"HC",2.96785
"HC",4.05481
"HC",0.51481
"HC",0.31679
"HC",0.87184
"HC",0.44517
"HC",0.41628
"HC",1.42225
"HC",2.17483
"HC",0.79765
"HC",1.21215
"HC",1.04728
"HC",0.82659
"HC",0.41469
"HC",3.09471
"HC",0.19732
"HC",0.93482
"HC",2.04913
"HC",0.78116
"HC",0.19754
"HC",0.48657
"HC",2.67062
"HC",2.09109
"HC",5.23591
"HC",1.88177
"HC",0.29707
"HC",3.31742
"HC",0.4453
"HC",1.64863
"HC",2.36452
"HC",1.67539
"HC",3.30577
"HC",1.53439
"HC",1.30182
"HC",5.27211
"HC",2.10756
"HC",1.43764
"HC",0.03064
"HC",4.44949
"HC",1.69611
"HC",0.10349
"HC",1.35216
"HC",5.8817
"HC",4.49502
"HC",4.66566
"HC",1.10125
"HC",0.34634
"HC",2.20942
"HC",0.60282
"HC",2.16463
"HC",0.60929
"HC",4.72968
"HC",1.86439
"HC",1.47674
"HC",0.83124
"HC",0.13008
"HC",1.9025
"HC",3.96748
"HC",1.5702
"HC",3.33316
"HC",0.65248
"HC",4.76798
"HC",2.15423
"HC",3.42132
"HC",3.90581
"HC",3.15168
"HC",1.73062
"HC",2.03686
"HC",4.46298
"HC",0.13702
"HC",1.39799
"HC",1.57977
"HC",0.60302
"HC",2.31326
"HC",1.11091
"HC",4.33638
"HC",2.81821
"HC",4.85374
"HC",0.20185
"HC",0.99479
"HC",0.72895
"HC",1.22111
"HC",1.65211
"HC",0.167
"HC",0.77155
"HC",1.33595
"HC",1.04535
"HC",0.5247
"HC",1.40852
"HC",0.99654
"HC",0.25202
"HC",0.35665
"HC",2.23147
"HC",0.21299
"HC",0.97848
"HC",2.31903
"HC",0.81419
"HC",2.27536
"HC",0.94987
"HC",0.54528
"HC",4.13308
"HC",0.39997
"HC",2.73555
"HC",3.87581
"HC",0.92104
"HC",0.84372
"HC",0.64508
"HC",1.22922
"HC",0.91433
"HC",0.35852
"HC",5.249
"HC",1.72459
"HC",0.77317
"HC",2.03251
"HC",0.97938
"HC",4.10636
"HC",3.13959
"HC",3.56503
"HC",3.68569
"HC",0.72711
"HC",4.53152
"HC",0.37367
"HC",0.50119
"HC",2.23307
"HC",0.69039
"HC",4.0959
"HC",0.74355
"HC",1.71501
"HC",0.42626
"HC",0.4807
"HC",2.21422
"HC",2.42877
"HC",0.65241
"HC",1.6471
"HC",1.57584
"HC",0.04271
"HC",0.05867
"HC",0.35411
"HC",2.77062
"HC",0.99434
"Str",4.21709
"Str",4.84572
"Str",2.72081
"Str",2.232
"Str",2.12074
"Str",1.51404
"Str",3.00239
"Str",1.24198
"Str",0.63992
"Str",1.01067
"Str",2.3467
"Str",2.52583
"Str",0.10233
"Str",0.94963
"Str",2.42744
"Str",0.02888
"Str",0.64237
"Str",0.52753
"Str",4.6197
"Str",0.30116
"Str",1.47758
"Str",2.37952
"Str",0.40794
"Str",4.32212
"Str",0.43701
"Str",0.85699
"Str",6.78111
"Str",2.91737
"Str",2.54714
"Str",0.3261
"Str",0.1629
"Str",7.51856
"Str",1.71685
"Str",3.30698
"Str",1.0777
"Str",1.43707
"Str",1.22679
"Str",2.29921
"Str",1.22036
"Str",0.21899
"Str",2.9952
"Str",0.06121
"Str",0.0235
"Str",0.02315
"Str",1.57699
"Str",2.54755
"Str",4.33262
"Str",0.77339
"Str",4.17456
"Str",4.48093
"Str",0.52986
"Str",6.20168
"Str",1.06304
"Str",5.65871
"Str",1.8227
"Str",6.47934
"Str",0.82892
"Str",0.99384
"Str",2.20111
"Str",2.86348
"Str",0.80612
"Str",4.2715
"Str",2.29704
"Str",3.69257
"Str",3.37799
"Str",2.58783
"Str",4.40228
"Str",5.24184
"Str",0.70356
"Str",2.48951
"Str",8.3742
"Str",0.10391
"Str",0.72158
"Str",0.01019
"Str",1.17203
"Str",0.10835
"Str",0.94377
"Str",2.90691
"Str",0.52741
"Str",0.66152
"Str",4.46581
"Str",1.83938
"Str",3.67747
"Str",1.03832
"Str",6.28702
"Str",4.30976
"Str",2.66132
"Str",1.62329
"Str",1.14391
"Str",1.54428
"Str",4.30943
"Str",2.82144
"Str",2.27684
"Str",5.69954
"Str",3.34766
"Str",2.91178
"Str",1.74056
"Str",0.59971
"Str",2.51551
"Str",4.18108
"Str",2.82798
"Str",3.24922
"Str",3.80473
"Str",2.34491
"Str",1.10202
"Str",4.65779
"Str",4.25037
"Str",0.26908
"Str",0.80205
"Str",0.29752
"Str",0.71285
"Str",8.09945
"Str",3.12078
"Str",0.70334
"Str",3.3647
"Str",4.09284
"Str",3.73872
"Str",1.15598
"Str",0.23535
"Str",1.41016
"Str",4.49463
"Str",0.36685
"Str",1.55758
"Str",4.01081
"Str",5.76286
"Str",7.07084
"Str",0.5965
"Str",1.8664
"Str",0.11869
"Str",5.7648
"Str",0.28794
"Str",1.23742
"Str",2.23492
"Str",4.39475
"Str",4.67264
"Str",0.775
"Str",4.66029
"Str",0.56523
"Str",2.56566
"Str",5.67192
"Str",2.73658
"Str",1.40982
"Str",8.47797
"Str",0.54254
"Str",4.66545
"Str",3.08485
"Str",2.45737
"Str",1.83962
"Str",4.27848
"Str",1.46675
"Str",0.65536
"Str",1.40725
"Str",1.44589
"Str",5.21768
"Str",1.27412
"Str",8.1533
"Str",0.81445
"Str",1.39309
"Str",3.10459
"Str",1.41879
"Str",2.90434
"Str",0.01324
"Str",2.41631
"Str",1.9107
"Str",0.96272
"Str",2.12719
"Str",0.14767
"Str",4.43611
"Str",0.23056
"Str",0.17276
"Str",0.91965
"Str",0.22184
"Str",4.31765
"Str",0.88139
"Str",4.63774
"Str",0.54022
"Str",1.97512
"Str",1.28596
"Str",0.97676
"Str",0.70455
"Str",0.94782
"Str",3.02301
"Str",0.88982
"Str",0.21341
"Str",0.58724
"Str",2.90218
"Str",0.8342
"Str",0.54935
"Str",3.60027
"Str",1.90999
"Str",0.90618
"Str",2.49896
"Str",1.86608
"Str",1.7928
"Str",1.18305
"Str",1.37494
"Str",0.8474
"Str",0.0467
"Str",1.7576
"Str",2.09346
"Str",2.22803
"Str",1.46203
"Str",4.49885
"Str",0.91291
"Str",0.76433
"Str",1.04713
"Str",5.4104
"Str",2.70551
"Str",3.76509
"Str",1.09019
"Str",1.7375
"Str",1.04169
"Str",0.80732
"Str",3.97435
"Str",2.34953
"Str",4.00435
"Str",4.64962
"Str",1.53145
"Str",0.48901
"Str",2.47515
"Str",4.90743
"Str",3.68291
"Str",2.52338
"Str",3.67233
"Str",0.09216
"Str",3.07723
"Str",1.94342
"Str",7.42849
"Str",0.89033
"Str",6.03904
"Str",4.25899
"Str",0.11367
"Str",0.54288
"Str",0.19429
"Str",6.01009
"Str",3.40263
"Str",3.30114
"Str",0.17418
"Str",2.99394
"Str",2.38793
"Str",2.58703
"Str",5.98727
"Str",3.32692
"Str",2.10493
"Str",1.49837
"Str",1.61732
"Str",0.98816
"Str",2.88551
"Str",3.70592
"Str",2.26227
"Str",1.33843
"Str",0.00389
"Str",3.26534
"Str",0.72314
"Str",0.76743
"Str",9.805
"Str",0.00403
"Str",4.67608
"Str",5.84925
"Str",4.58557
"Str",1.26997
"Str",1.43923
"Str",0.45682
"Str",3.8118
"Str",4.66837
"Str",1.16406
"Str",0.51224
"Str",3.77228
"Str",2.27249
"Str",1.79265
"Str",0.33329
"Str",0.42605
"Str",0.57661
"Str",0.28613
"Str",4.77631
"Str",5.01171
"Str",5.03679
"Str",7.07747
"Str",1.82859
"Str",0.13759
"Str",0.77607
"Str",1.19678
"Str",0.77954
"Str",2.21383
"Str",0.03248
"Str",0.70682
"Str",0.79004
"Str",0.83104
"Str",0.5539
"Str",2.62359
"Str",2.66125
"Str",1.24385
"Str",3.718
"Str",3.05335
"Str",3.3826
"Str",1.90966
"Str",0.93737
"Str",0.99225
"Str",2.06163
"Str",1.14081
"Str",0.83014
"Str",2.29208
"Str",0.82634
"Str",0.3048
"Str",5.89352
"Str",0.29546
"Str",1.18852
"Str",0.77322
"Str",2.7372
"Str",0.66381
"Str",0.59624
"Str",0.13228
"Str",6.48596
"Str",3.11185
"Str",1.35548
"Str",3.46682
"Str",1.36905
"Str",0.14575
"Str",1.86051
"Str",5.68329
"Str",3.03467
"Str",6.16309
"Str",3.42024
"Str",2.18753
"Str",0.68622
"Str",0.33135
"Str",1.50056
"Str",3.73918
"Str",5.58791
"Str",4.04033
"Str",0.76333
"Str",0.60044
"Str",7.42589
"Str",2.0161
"Str",0.86241
"Str",2.62676
"Str",1.37712
"Str",2.16301
"Str",11.74618
"Str",1.27075
"Str",1.41156
"Str",0.98842
"Str",4.1813
"Str",1.3665
"Str",1.79076
"Str",1.15481
"Str",4.57167
"Str",0.52587
"Str",0.10253
"Str",3.77645
"Str",0.48356
"Str",2.73163
"Str",2.05496
"Str",3.47793
"Str",0.01114
"Str",7.92224
"Str",1.2643
"Str",0.3043
"Str",2.05194
"Str",1.1931
"Str",4.99058
"Str",0.75888
"Str",4.84838
"Str",2.29291
"Str",1.1894
"Str",4.61473
"Str",0.00641
"Str",7.99858
"Str",3.51561
"Str",4.51068
"Str",0.83879
"Str",0.87432
"Str",0.14092
"Str",0.24021
"Str",1.22819
"Str",1.40437
"Str",1.26038
"Str",0.98363
"Str",0.22513
"Str",1.81604
"Str",4.32055
"Str",0.32568
"Str",0.0736
"Str",1.19952
"Str",0.22686
"Str",5.65088
"Str",6.43145
"Str",0.75079
"Str",1.46255
"Str",1.73871
"Str",1.435
"Str",0.05254
"Str",1.07939
"Str",0.60337
"Str",5.27087
"Str",3.23949
"Str",1.53635
"Str",0.6633
"Str",0.71644
"Str",5.1783
"Str",2.38618
"Str",0.17793
"Str",0.90704
"Str",3.31201
"Str",2.35053
"Str",3.66076
"Str",1.6562
"Str",4.14147
"Str",0.16198
"Str",1.46965
"Str",2.49501
"Str",2.44696
"Str",4.72453
"Str",4.43482
"Str",7.61917
"Str",3.91153
"Str",4.92415
"Str",2.69311
"Str",1.58817
"Str",0.80086
"Str",1.68186
"Str",1.24686
"Str",2.80919
"Str",2.37128
"Str",5.60553
"Str",0.1447
"Str",1.01183
"Str",1.93283
"Str",6.16312
"Str",0.26314
"Str",3.144
"Str",1.98245
"Str",0.55873
"Str",1.10225
"Str",4.5118
"Str",0.23846
"Str",2.0878
"Str",2.11049
"Str",3.25027
"Str",3.53421
"Str",7.47275
"Str",4.20115
"Str",1.54201
"Str",2.35831
"Str",1.06505
"Str",8.94645
"Str",3.65711
"Str",1.19514
"Str",0.95216
"Str",1.75917
"Str",3.11225
"Str",1.79196
"Str",6.94576
"Str",2.70274
"Str",2.49671
"Str",1.69352
"Str",2.99157
"Str",0.83608
"Str",3.05202
"Str",0.90384
"Str",0.55808
"Str",1.0328
"Str",0.51227
"Str",1.27608
"Str",0.82333
"Str",0.33422
"Str",0.32487
"Str",0.1639
"Str",0.1529
"Str",1.2267
"Str",2.29029
"Str",3.81577
"Str",1.01808
"Str",1.16001
"Str",1.78572
"Str",3.64193
"Str",0.94607
"Str",3.78761
"Str",1.10366
"Str",3.24067
"Str",2.18834
"Str",0.20844
"Str",4.89604
"Str",5.44001
"Str",4.47912
"Str",0.44515
"Str",0.78591
"Str",1.77778
"Str",2.30711
"Str",2.30433
"Str",4.37624
"Str",2.25309
"Str",6.41313
"Str",3.84713
"Str",2.1396
"Str",5.0626
"Str",8.56208
"Str",2.15192
"Str",3.12618
"Str",2.749
"Str",0.14818
"Str",1.11999
"Str",2.04417
"Str",1.53953
"Str",0.73418
"Str",2.17202
"Str",1.14568
"Str",4.81872
"Str",2.23045
"Str",0.36161
"Str",0.33078
"Str",3.51764
"Str",0.86108
"Str",1.16983
"Str",3.83605
"Str",2.76983
"Str",0.85133
"Str",3.68669
"Str",0.11005
"Str",0.24662
"Str",0.51583
"Str",1.63845
"Str",2.66304
"Str",4.78814
"Str",0.32007
"Str",0.96467
"Str",0.11764
"Str",0.30632
"Str",2.29816
"Str",0.46152
"Str",0.47526
"Str",6.33091
"Str",1.32229
"Str",1.24118
"Str",0.61958
"Str",2.28858
"Str",4.06344
"Str",3.55225
"Str",0.95962
"Str",5.94103
"Str",6.32944
"Str",0.7308
"Str",1.73579
"Str",4.62902
"Str",1.02072
"Str",2.88476
"Str",5.10641
"Str",1.09414
"Str",0.38244
"Str",0.01753
"Str",1.11849
"Str",3.21771
"Str",0.01348
"Str",1.14987
"Str",0.6853
"Str",2.95987
"Str",1.88462
"Str",1.7786
"Str",5.55814
"Str",0.5291
"Str",3.29237
"Str",2.46612
"Str",1.77944
"Str",0.70356
"Str",5.33156
"Str",0.07476
"Str",1.66371
"Str",0.07047
"Str",3.59593
"Str",0.7764
"Str",1.92932
"Str",0.25601
"Str",0.8392
"Str",1.92405
"Str",3.66996
"Str",2.26115
"Str",7.61774
"Str",1.59649
"Str",5.50715
"Str",0.19024
"Str",2.22627
"Str",1.94429
"Str",2.78225
"Str",0.84571
"Str",1.75217
"Str",2.34154
"Str",0.4323
"Str",1.05561
"Str",3.42002
"Str",0.62029
"Str",1.03761
"Str",1.32031
"Str",2.99868
"Str",3.08024
"Str",1.27518
"Str",0.36467
"Str",10.01443
"Str",3.57482
"Str",1.46047
"Str",2.68238
"Str",0.85289
"Str",3.08704
"Str",1.75666
"Str",0.84251
"Str",0.9987
"Str",0.7908
"Str",2.54955
"Str",1.78449
"Str",0.37099
"Str",3.85224
"Str",2.68677
"Str",2.26984
"Str",0.65829
"Str",1.3151
"Str",0.30291
"Str",7.9638
"Str",1.63845
"Str",1.12951
"Str",3.44499
"Str",4.17002
"Str",1.34165
"Str",2.71742
"Str",1.12995
"Str",0.92267
"Str",1.03303
"Str",0.73245
"Str",2.33029
"Str",0.2289
"Str",3.17857
"Str",5.89475
"Str",3.67949
"Str",0.19547
"Str",3.69037
"Str",5.30204
"Str",3.59642
"Str",8.27791
"Str",5.25552
"Str",1.35896
"Str",4.66779
"Str",1.94974
"Str",5.47915
"Str",8.85091
"Str",3.28442
"Str",2.29385
"Str",8.44578
"Str",1.80138
"Str",2.2443
"Str",0.6854
"Str",0.40802
"Str",0.6454
"Str",5.01773
"Str",7.81536
"Str",0.01106
"Str",2.38412
"Str",0.27739
"Str",1.77666
"Str",0.00695
"Str",1.69575
"Str",4.30592
"Str",0.85403
"Str",0.45618
"Str",9.95599
"Str",5.16658
"Str",2.39873
"Str",3.71235
"Str",0.90002
"Str",5.32332
"Str",2.77975
